/****************************AREA*****************************************/
INSERT INTO "AREA"("ID_AREA", "DESCRIPCION")VALUES (1001, 'ADMINISTRACION');
INSERT INTO "AREA"("ID_AREA", "DESCRIPCION")VALUES (1002, 'CONTABILIDAD');
INSERT INTO "AREA"("ID_AREA", "DESCRIPCION")VALUES (1003, 'RECURSOS HUMANOS');
INSERT INTO "AREA"("ID_AREA", "DESCRIPCION")VALUES (1004, 'DESARROLLO');
INSERT INTO "AREA"("ID_AREA", "DESCRIPCION")VALUES (1005, 'SOPORTE TECNICO');

INSERT INTO "AREA"("ID_AREA", "DESCRIPCION")VALUES (1006, 'ANALISIS');
INSERT INTO "AREA"("ID_AREA", "DESCRIPCION")VALUES (1007, 'PRUEBAS');
INSERT INTO "AREA"("ID_AREA", "DESCRIPCION")VALUES (1008, 'CALIDAD');
INSERT INTO "AREA"("ID_AREA", "DESCRIPCION")VALUES (1009, 'FACTURACION');
INSERT INTO "AREA"("ID_AREA", "DESCRIPCION")VALUES (1010, 'DISEÑO');

INSERT INTO "AREA"("ID_AREA", "DESCRIPCION")VALUES (1011, 'PUBLICIDAD');
INSERT INTO "AREA"("ID_AREA", "DESCRIPCION")VALUES (1012, 'MERCADOTECNIA');
INSERT INTO "AREA"("ID_AREA", "DESCRIPCION")VALUES (1013, 'RECLUTAMIENTO Y SELECCION');
INSERT INTO "AREA"("ID_AREA", "DESCRIPCION")VALUES (1014, 'INVESTIGACION');
INSERT INTO "AREA"("ID_AREA", "DESCRIPCION")VALUES (1015, 'MARKETING');


/***********************DEPARTAMENTO************************************/
INSERT INTO "DEPARTAMENTO"("ID_DEPARTAMENTO", "DESCRIPCION")VALUES (1001, 'VISION IT PROY');
INSERT INTO "DEPARTAMENTO"("ID_DEPARTAMENTO", "DESCRIPCION")VALUES (1002, 'DISEÑO DEL PRODUCTO');
INSERT INTO "DEPARTAMENTO"("ID_DEPARTAMENTO", "DESCRIPCION")VALUES (1003, 'PRUEBAS DE INGENIERIA');
INSERT INTO "DEPARTAMENTO"("ID_DEPARTAMENTO", "DESCRIPCION")VALUES (1004, 'ASISTENCIA A MERCADOTECNIA');
INSERT INTO "DEPARTAMENTO"("ID_DEPARTAMENTO", "DESCRIPCION")VALUES (1005, 'DISEÑO A INSTALACIONES');

INSERT INTO "DEPARTAMENTO"("ID_DEPARTAMENTO", "DESCRIPCION")VALUES (1006, 'MANTENIMIENTO');
INSERT INTO "DEPARTAMENTO"("ID_DEPARTAMENTO", "DESCRIPCION")VALUES (1007, 'ESTUDIO DE METODOS');
INSERT INTO "DEPARTAMENTO"("ID_DEPARTAMENTO", "DESCRIPCION")VALUES (1008, 'MEDIDA DE TRABAJO');
INSERT INTO "DEPARTAMENTO"("ID_DEPARTAMENTO", "DESCRIPCION")VALUES (1009, 'DISTRIBUCION DE LA PLANTA');
INSERT INTO "DEPARTAMENTO"("ID_DEPARTAMENTO", "DESCRIPCION")VALUES (1010, 'PROGRAMACION');

INSERT INTO "DEPARTAMENTO"("ID_DEPARTAMENTO", "DESCRIPCION")VALUES (1011, 'INFORME DE AVANCES');
INSERT INTO "DEPARTAMENTO"("ID_DEPARTAMENTO", "DESCRIPCION")VALUES (1012, 'ESTANDARES');
INSERT INTO "DEPARTAMENTO"("ID_DEPARTAMENTO", "DESCRIPCION")VALUES (1013, 'CONTROL DE INVENTARIOS');
INSERT INTO "DEPARTAMENTO"("ID_DEPARTAMENTO", "DESCRIPCION")VALUES (1014, 'ABASTECIMIENTOS');
INSERT INTO "DEPARTAMENTO"("ID_DEPARTAMENTO", "DESCRIPCION")VALUES (1015, 'FABRICACION');

/*****************************ESQUEMA*****************************************/	
INSERT INTO "ESQUEMA"("ID_ESQUEMA", "NOMBRE_ESQUEMA") VALUES (1001, 'ESQUEMA1');
INSERT INTO "ESQUEMA"("ID_ESQUEMA", "NOMBRE_ESQUEMA") VALUES (1002, 'ESQUEMA2');
INSERT INTO "ESQUEMA"("ID_ESQUEMA", "NOMBRE_ESQUEMA") VALUES (1003, 'ESQUEMA3');
INSERT INTO "ESQUEMA"("ID_ESQUEMA", "NOMBRE_ESQUEMA") VALUES (1004, 'ESQUEMA4');
INSERT INTO "ESQUEMA"("ID_ESQUEMA", "NOMBRE_ESQUEMA") VALUES (1005, 'ESQUEMA5');

INSERT INTO "ESQUEMA"("ID_ESQUEMA", "NOMBRE_ESQUEMA") VALUES (1006, 'ESQUEMA6');
INSERT INTO "ESQUEMA"("ID_ESQUEMA", "NOMBRE_ESQUEMA") VALUES (1007, 'ESQUEMA7');
INSERT INTO "ESQUEMA"("ID_ESQUEMA", "NOMBRE_ESQUEMA") VALUES (1008, 'ESQUEMA8');
INSERT INTO "ESQUEMA"("ID_ESQUEMA", "NOMBRE_ESQUEMA") VALUES (1009, 'ESQUEMA9');
INSERT INTO "ESQUEMA"("ID_ESQUEMA", "NOMBRE_ESQUEMA") VALUES (1010, 'ESQUEMA10');

INSERT INTO "ESQUEMA"("ID_ESQUEMA", "NOMBRE_ESQUEMA") VALUES (1011, 'ESQUEMA11');
INSERT INTO "ESQUEMA"("ID_ESQUEMA", "NOMBRE_ESQUEMA") VALUES (1012, 'ESQUEMA12');
INSERT INTO "ESQUEMA"("ID_ESQUEMA", "NOMBRE_ESQUEMA") VALUES (1013, 'ESQUEMA13');
INSERT INTO "ESQUEMA"("ID_ESQUEMA", "NOMBRE_ESQUEMA") VALUES (1014, 'ESQUEMA14');
INSERT INTO "ESQUEMA"("ID_ESQUEMA", "NOMBRE_ESQUEMA") VALUES (1015, 'ESQUEMA15');


/*******************************GRUPO********************************************************************/
INSERT INTO "GRUPO"("ID_GRUPO", "NOMBRE_CORTO_GRUPO", "NOMBRE_GRUPO")VALUES (1001, 'DEVANT', 'DGCM DEVANT');
INSERT INTO "GRUPO"("ID_GRUPO", "NOMBRE_CORTO_GRUPO", "NOMBRE_GRUPO")VALUES (1002, 'SMART', 'SMART SOLUTIONS');
INSERT INTO "GRUPO"("ID_GRUPO", "NOMBRE_CORTO_GRUPO", "NOMBRE_GRUPO")VALUES (1003, 'ADESIS', 'ADESIS');
INSERT INTO "GRUPO"("ID_GRUPO", "NOMBRE_CORTO_GRUPO", "NOMBRE_GRUPO")VALUES (1004, 'SMART', 'SMART SOLUTIONS');
INSERT INTO "GRUPO"("ID_GRUPO", "NOMBRE_CORTO_GRUPO", "NOMBRE_GRUPO")VALUES (1005, 'ADESIS', 'ADESIS');

INSERT INTO "GRUPO"("ID_GRUPO", "NOMBRE_CORTO_GRUPO", "NOMBRE_GRUPO")VALUES (1006, 'DEVANT', 'DGCM DEVANT');
INSERT INTO "GRUPO"("ID_GRUPO", "NOMBRE_CORTO_GRUPO", "NOMBRE_GRUPO")VALUES (1007, 'SMART', 'SMART SOLUTIONS');
INSERT INTO "GRUPO"("ID_GRUPO", "NOMBRE_CORTO_GRUPO", "NOMBRE_GRUPO")VALUES (1008, 'ADESIS', 'ADESIS');
INSERT INTO "GRUPO"("ID_GRUPO", "NOMBRE_CORTO_GRUPO", "NOMBRE_GRUPO")VALUES (1009, 'SMART', 'SMART SOLUTIONS');
INSERT INTO "GRUPO"("ID_GRUPO", "NOMBRE_CORTO_GRUPO", "NOMBRE_GRUPO")VALUES (1010, 'ADESIS', 'ADESIS');

INSERT INTO "GRUPO"("ID_GRUPO", "NOMBRE_CORTO_GRUPO", "NOMBRE_GRUPO")VALUES (1011, 'DEVANT', 'DGCM DEVANT');
INSERT INTO "GRUPO"("ID_GRUPO", "NOMBRE_CORTO_GRUPO", "NOMBRE_GRUPO")VALUES (1012, 'SMART', 'SMART SOLUTIONS');
INSERT INTO "GRUPO"("ID_GRUPO", "NOMBRE_CORTO_GRUPO", "NOMBRE_GRUPO")VALUES (1013, 'ADESIS', 'ADESIS');
INSERT INTO "GRUPO"("ID_GRUPO", "NOMBRE_CORTO_GRUPO", "NOMBRE_GRUPO")VALUES (1014, 'SMART', 'SMART SOLUTIONS');
INSERT INTO "GRUPO"("ID_GRUPO", "NOMBRE_CORTO_GRUPO", "NOMBRE_GRUPO")VALUES (1015, 'ADESIS', 'ADESIS');



/******************************EJECUTIVO***************************************************************************/
INSERT INTO "EJECUTIVO"("ID_EJECUTIVO", "APP_PATERNO_EJECUTIVO", "APP_MATERNO_EJECUTIVO", "NOMBRE_EJECUTIVO")VALUES (1001, 'CORTES', 'LOPEZ', 'ERIKA DE GUADALUPE');
INSERT INTO "EJECUTIVO"("ID_EJECUTIVO", "APP_PATERNO_EJECUTIVO", "APP_MATERNO_EJECUTIVO", "NOMBRE_EJECUTIVO")VALUES (1002, 'COLIN', 'GUERRERO', 'HUMBERTO');
INSERT INTO "EJECUTIVO"("ID_EJECUTIVO", "APP_PATERNO_EJECUTIVO", "APP_MATERNO_EJECUTIVO", "NOMBRE_EJECUTIVO")VALUES (1003, 'BRAVO', 'TORREBLANCA', 'JOSE ARTURO');
INSERT INTO "EJECUTIVO"("ID_EJECUTIVO", "APP_PATERNO_EJECUTIVO", "APP_MATERNO_EJECUTIVO", "NOMBRE_EJECUTIVO")VALUES (1004, 'GRADOS', 'CABALLEROS', 'LUIS ALEJANDRO');
INSERT INTO "EJECUTIVO"("ID_EJECUTIVO", "APP_PATERNO_EJECUTIVO", "APP_MATERNO_EJECUTIVO", "NOMBRE_EJECUTIVO")VALUES (1005, 'PEREZ', 'CORDOBA', 'ALDO');

INSERT INTO "EJECUTIVO"("ID_EJECUTIVO", "APP_PATERNO_EJECUTIVO", "APP_MATERNO_EJECUTIVO", "NOMBRE_EJECUTIVO")VALUES (1006, 'SILVA', 'CINTORA', 'MIGUEL ANGEL');
INSERT INTO "EJECUTIVO"("ID_EJECUTIVO", "APP_PATERNO_EJECUTIVO", "APP_MATERNO_EJECUTIVO", "NOMBRE_EJECUTIVO")VALUES (1007, 'BARRAGAN', 'JACOME', 'ANA ISABEL');
INSERT INTO "EJECUTIVO"("ID_EJECUTIVO", "APP_PATERNO_EJECUTIVO", "APP_MATERNO_EJECUTIVO", "NOMBRE_EJECUTIVO")VALUES (1008, 'SEYDE', 'FUENTES', 'MARIA GUADALUPE ELIZABETH');
INSERT INTO "EJECUTIVO"("ID_EJECUTIVO", "APP_PATERNO_EJECUTIVO", "APP_MATERNO_EJECUTIVO", "NOMBRE_EJECUTIVO")VALUES (1009, 'LARA', 'MENDEZ', 'MONICA');
INSERT INTO "EJECUTIVO"("ID_EJECUTIVO", "APP_PATERNO_EJECUTIVO", "APP_MATERNO_EJECUTIVO", "NOMBRE_EJECUTIVO")VALUES (1010, 'VEGA', 'LOPEZ', 'MARIA DEL PILAR');

INSERT INTO "EJECUTIVO"("ID_EJECUTIVO", "APP_PATERNO_EJECUTIVO", "APP_MATERNO_EJECUTIVO", "NOMBRE_EJECUTIVO")VALUES (1011, 'RAMOS', 'FLORES', 'ALFREDO');
INSERT INTO "EJECUTIVO"("ID_EJECUTIVO", "APP_PATERNO_EJECUTIVO", "APP_MATERNO_EJECUTIVO", "NOMBRE_EJECUTIVO")VALUES (1012, 'MENDEZ', 'ARANGO', 'EMMANUEL');
INSERT INTO "EJECUTIVO"("ID_EJECUTIVO", "APP_PATERNO_EJECUTIVO", "APP_MATERNO_EJECUTIVO", "NOMBRE_EJECUTIVO")VALUES (1013, 'MENDOZA', 'LIRA', 'RICARDO');
INSERT INTO "EJECUTIVO"("ID_EJECUTIVO", "APP_PATERNO_EJECUTIVO", "APP_MATERNO_EJECUTIVO", "NOMBRE_EJECUTIVO")VALUES (1014, 'GUTIERREZ', 'CARMONA', 'DALIA');
INSERT INTO "EJECUTIVO"("ID_EJECUTIVO", "APP_PATERNO_EJECUTIVO", "APP_MATERNO_EJECUTIVO", "NOMBRE_EJECUTIVO")VALUES (1015, 'TERAN', 'OSORNO', 'JULIO CESAR');

/************************PUESTO***********************************************/
INSERT INTO "PUESTO"("ID_PUESTO", "DESCRIPCION")VALUES (1001, 'DESARROLLADOR');
INSERT INTO "PUESTO"("ID_PUESTO", "DESCRIPCION")VALUES (1002, 'CAPTURISTA');
INSERT INTO "PUESTO"("ID_PUESTO", "DESCRIPCION")VALUES (1003, 'ADMINISTRADOR');
INSERT INTO "PUESTO"("ID_PUESTO", "DESCRIPCION")VALUES (1004, 'CONTADOR');
INSERT INTO "PUESTO"("ID_PUESTO", "DESCRIPCION")VALUES (1005, 'DESARROLLADOR');

INSERT INTO "PUESTO"("ID_PUESTO", "DESCRIPCION")VALUES (1006, 'ANALISTA');
INSERT INTO "PUESTO"("ID_PUESTO", "DESCRIPCION")VALUES (1007, 'DISEÑADOR');
INSERT INTO "PUESTO"("ID_PUESTO", "DESCRIPCION")VALUES (1008, 'GERENTE');
INSERT INTO "PUESTO"("ID_PUESTO", "DESCRIPCION")VALUES (1009, 'PROYECT MANAGER');
INSERT INTO "PUESTO"("ID_PUESTO", "DESCRIPCION")VALUES (1010, 'CONSTRUCTOR');

INSERT INTO "PUESTO"("ID_PUESTO", "DESCRIPCION")VALUES (1011, 'OFICINISTA');
INSERT INTO "PUESTO"("ID_PUESTO", "DESCRIPCION")VALUES (1012, 'LIMPIEZA');
INSERT INTO "PUESTO"("ID_PUESTO", "DESCRIPCION")VALUES (1013, 'ADMINISTRADOR');
INSERT INTO "PUESTO"("ID_PUESTO", "DESCRIPCION")VALUES (1014, 'CONTADOR');
INSERT INTO "PUESTO"("ID_PUESTO", "DESCRIPCION")VALUES (1015, 'DESARROLLADOR');


/************************PROCESO******************************************/
INSERT INTO "PROCESO"("ID_PROCESO", "DESCRIPCION")VALUES (1001, 'PROCESO1');
INSERT INTO "PROCESO"("ID_PROCESO", "DESCRIPCION")VALUES (1002, 'PROCESO2');
INSERT INTO "PROCESO"("ID_PROCESO", "DESCRIPCION")VALUES (1003, 'PROCESO3');
INSERT INTO "PROCESO"("ID_PROCESO", "DESCRIPCION")VALUES (1004, 'PROCESO4');
INSERT INTO "PROCESO"("ID_PROCESO", "DESCRIPCION")VALUES (1005, 'PROCESO5');

INSERT INTO "PROCESO"("ID_PROCESO", "DESCRIPCION")VALUES (1006, 'PROCESO6');
INSERT INTO "PROCESO"("ID_PROCESO", "DESCRIPCION")VALUES (1007, 'PROCESO7');
INSERT INTO "PROCESO"("ID_PROCESO", "DESCRIPCION")VALUES (1008, 'PROCESO8');
INSERT INTO "PROCESO"("ID_PROCESO", "DESCRIPCION")VALUES (1009, 'PROCESO9');
INSERT INTO "PROCESO"("ID_PROCESO", "DESCRIPCION")VALUES (1010, 'PROCESO10');


/*****************************************TIPO_REGIMEN********************************/
INSERT INTO "TIPO_REGIMEN"("ID_TIPO_REGIMEN", "TIPO_REGIMEN")VALUES (1001, 'ASIMILADOS');
INSERT INTO "TIPO_REGIMEN"("ID_TIPO_REGIMEN", "TIPO_REGIMEN")VALUES (1002, 'NOMINA');
INSERT INTO "TIPO_REGIMEN"("ID_TIPO_REGIMEN", "TIPO_REGIMEN")VALUES (1003, 'ASALARIADO');
INSERT INTO "TIPO_REGIMEN"("ID_TIPO_REGIMEN", "TIPO_REGIMEN")VALUES (1004, 'HONORARIOS');

/**********************************EMPLEADO************************************************************************/
INSERT INTO "EMPLEADO"("ID_EMPLEADO", "NO_CONTROL", "NSS", "CURP", "APELLIDO_PATERNO", "APELLIDO_MATERNO", "NOMBRE", "RFC", "FECHA_NACIMIENTO", "EDAD", "SEXO", "PAIS_ORIGEN", "NACIONALIDAD", "ESTADO_CIVIL", "CORREO_ELECTRONICO", 
            "FECHA_INGRESO", "LISTA_NEGRA", "CALLE", "NUM_EXTERIOR", "NUM_INTERIOR", "COLONIA", "CODIGO_POSTAL", "MUNICIPIO_DEL", "ENT_FEDERATIVA", "DOC_IFE", "DOC_ACT_NAN", "DOC_CURP", "DOC_RFC", "DOC_COMPROBANTE", 
            "DOC_COMP_EST", "DOC_CORREO", "DOC_CLABE", "DOC_PREAFILIACION","CUENTA", "BANCO", "TIPO_PAGO", "DESC_INFONAVIT_VSMG", "DESC_INFONAVIT_PORC", "DESC_INFONAVIT_IMP", "DESC_FONACOT_PAGO", "DESC_FONACOT_NUM", 
            "PENSION_ALIM_IMP", "PENSION_ALIM_PORC", "PENSION_ALIM_ACRED", "PENSION_ALIM_OBS", "NO_CRED_INFONAVIT")
VALUES (1001,'062T0166','3433333333', 'LAHA880516MVZNRL10', 'GUTIERREZ', 'LARA', 'CARMEN', 'SI', '1988-06-05', 26, 'FEMENINO', 'MEXICO','MEXICANA', 'SOLTERO', 'MAT@HOTMAIL.COM', '2012-03-06', FALSE,'4','202','100','CAROLA', 1140, 'MOCTEZUMA', 'COLIMA', FALSE, FALSE, FALSE, FALSE,FALSE, FALSE, FALSE, FALSE, FALSE,'1234567890','BANAMEX','EFECTIVO', 5.30000019073486, 6.19999980926514, 5.8,3.9,3.5,6.9, 10.1999998092651,'PENSION ALIMENTICIA ACRED', 'PENSION ALIMENTICIA OBS', '123456780000');
INSERT INTO "EMPLEADO"("ID_EMPLEADO", "NO_CONTROL", "NSS", "CURP", "APELLIDO_PATERNO", "APELLIDO_MATERNO", "NOMBRE", "RFC", "FECHA_NACIMIENTO", "EDAD", "SEXO", "PAIS_ORIGEN", "NACIONALIDAD", "ESTADO_CIVIL", "CORREO_ELECTRONICO", 
            "FECHA_INGRESO", "LISTA_NEGRA", "CALLE", "NUM_EXTERIOR", "NUM_INTERIOR", "COLONIA", "CODIGO_POSTAL", "MUNICIPIO_DEL", "ENT_FEDERATIVA", "DOC_IFE", "DOC_ACT_NAN", "DOC_CURP", "DOC_RFC", "DOC_COMPROBANTE", 
            "DOC_COMP_EST", "DOC_CORREO", "DOC_CLABE", "DOC_PREAFILIACION","CUENTA", "BANCO", "TIPO_PAGO", "DESC_INFONAVIT_VSMG", "DESC_INFONAVIT_PORC", "DESC_INFONAVIT_IMP", "DESC_FONACOT_PAGO", "DESC_FONACOT_NUM", 
            "PENSION_ALIM_IMP", "PENSION_ALIM_PORC", "PENSION_ALIM_ACRED", "PENSION_ALIM_OBS", "NO_CRED_INFONAVIT")
VALUES (1002,'062T0166','3433333333', 'LAHA880516MVZNRL10', 'TERAN', 'OSORNO', 'JULIO CESAR', 'SI', '1988-06-05', 26, 'MASCULINO', 'MEXICO','MEXICANA', 'SOLTERO', 'MAT@HOTMAIL.COM', '2012-03-06', TRUE,'4','202','100','CAROLA', 1140, 'MOCTEZUMA', 'COLIMA', TRUE, TRUE, TRUE, TRUE,TRUE, TRUE, TRUE, TRUE, TRUE,'1234567890','BANAMEX','EFECTIVO', 5.30000019073486, 6.19999980926514, 5.8,3.9,3.5,6.9, 10.1999998092651,'PENSION ALIMENTICIA ACRED', 'PENSION ALIMENTICIA OBS', '123456780000');
INSERT INTO "EMPLEADO"("ID_EMPLEADO", "NO_CONTROL", "NSS", "CURP", "APELLIDO_PATERNO", "APELLIDO_MATERNO", "NOMBRE", "RFC", "FECHA_NACIMIENTO", "EDAD", "SEXO", "PAIS_ORIGEN", "NACIONALIDAD", "ESTADO_CIVIL", "CORREO_ELECTRONICO", 
            "FECHA_INGRESO", "LISTA_NEGRA", "CALLE", "NUM_EXTERIOR", "NUM_INTERIOR", "COLONIA", "CODIGO_POSTAL", "MUNICIPIO_DEL", "ENT_FEDERATIVA", "DOC_IFE", "DOC_ACT_NAN", "DOC_CURP", "DOC_RFC", "DOC_COMPROBANTE", 
            "DOC_COMP_EST", "DOC_CORREO", "DOC_CLABE", "DOC_PREAFILIACION","CUENTA", "BANCO", "TIPO_PAGO", "DESC_INFONAVIT_VSMG", "DESC_INFONAVIT_PORC", "DESC_INFONAVIT_IMP", "DESC_FONACOT_PAGO", "DESC_FONACOT_NUM", 
            "PENSION_ALIM_IMP", "PENSION_ALIM_PORC", "PENSION_ALIM_ACRED", "PENSION_ALIM_OBS", "NO_CRED_INFONAVIT")
VALUES (1003,'062T0166','3433333333', 'LAHA880516MVZNRL10', 'GUTIERREZ', 'CARMONA', 'DALIA', 'SI', '1988-06-05', 26, 'FEMENINO', 'MEXICO','MEXICANA', 'SOLTERO', 'MAT@HOTMAIL.COM', '2012-03-06', FALSE,'4','202','100','CAROLA', 1140, 'MOCTEZUMA', 'COLIMA', FALSE, FALSE, FALSE, FALSE,FALSE, FALSE, FALSE, FALSE, FALSE,'1234567890','BANAMEX','EFECTIVO', 5.30000019073486, 6.19999980926514, 5.8,3.9,3.5,6.9, 10.1999998092651,'PENSION ALIMENTICIA ACRED', 'PENSION ALIMENTICIA OBS', '123456780000');
INSERT INTO "EMPLEADO"("ID_EMPLEADO", "NO_CONTROL", "NSS", "CURP", "APELLIDO_PATERNO", "APELLIDO_MATERNO", "NOMBRE", "RFC", "FECHA_NACIMIENTO", "EDAD", "SEXO", "PAIS_ORIGEN", "NACIONALIDAD", "ESTADO_CIVIL", "CORREO_ELECTRONICO", 
            "FECHA_INGRESO", "LISTA_NEGRA", "CALLE", "NUM_EXTERIOR", "NUM_INTERIOR", "COLONIA", "CODIGO_POSTAL", "MUNICIPIO_DEL", "ENT_FEDERATIVA", "DOC_IFE", "DOC_ACT_NAN", "DOC_CURP", "DOC_RFC", "DOC_COMPROBANTE", 
            "DOC_COMP_EST", "DOC_CORREO", "DOC_CLABE", "DOC_PREAFILIACION","CUENTA", "BANCO", "TIPO_PAGO", "DESC_INFONAVIT_VSMG", "DESC_INFONAVIT_PORC", "DESC_INFONAVIT_IMP", "DESC_FONACOT_PAGO", "DESC_FONACOT_NUM", 
            "PENSION_ALIM_IMP", "PENSION_ALIM_PORC", "PENSION_ALIM_ACRED", "PENSION_ALIM_OBS", "NO_CRED_INFONAVIT")
VALUES (1004,'062T0166','3433333333', 'LAHA880516MVZNRL10', 'SEYDE', 'FUENTES', 'MARIA GUADALUPE ELIZABETH', 'SI', '1988-06-05', 26, 'FEMENINO', 'MEXICO','MEXICANA', 'SOLTERO', 'MAT@HOTMAIL.COM', '2012-03-06', TRUE,'4','202','100','CAROLA', 1140, 'MOCTEZUMA', 'COLIMA', TRUE, TRUE, TRUE, TRUE,TRUE, TRUE, TRUE, TRUE, TRUE,'1234567890','BANAMEX','EFECTIVO', 5.30000019073486, 6.19999980926514, 5.8,3.9,3.5,6.9, 10.1999998092651,'PENSION ALIMENTICIA ACRED', 'PENSION ALIMENTICIA OBS', '123456780000');
INSERT INTO "EMPLEADO"("ID_EMPLEADO", "NO_CONTROL", "NSS", "CURP", "APELLIDO_PATERNO", "APELLIDO_MATERNO", "NOMBRE", "RFC", "FECHA_NACIMIENTO", "EDAD", "SEXO", "PAIS_ORIGEN", "NACIONALIDAD", "ESTADO_CIVIL", "CORREO_ELECTRONICO", 
            "FECHA_INGRESO", "LISTA_NEGRA", "CALLE", "NUM_EXTERIOR", "NUM_INTERIOR", "COLONIA", "CODIGO_POSTAL", "MUNICIPIO_DEL", "ENT_FEDERATIVA", "DOC_IFE", "DOC_ACT_NAN", "DOC_CURP", "DOC_RFC", "DOC_COMPROBANTE", 
            "DOC_COMP_EST", "DOC_CORREO", "DOC_CLABE", "DOC_PREAFILIACION","CUENTA", "BANCO", "TIPO_PAGO", "DESC_INFONAVIT_VSMG", "DESC_INFONAVIT_PORC", "DESC_INFONAVIT_IMP", "DESC_FONACOT_PAGO", "DESC_FONACOT_NUM", 
            "PENSION_ALIM_IMP", "PENSION_ALIM_PORC", "PENSION_ALIM_ACRED", "PENSION_ALIM_OBS", "NO_CRED_INFONAVIT")
VALUES (1005,'062T0166','3433333333', 'LAHA880516MVZNRL10', 'BARRAGAN', 'JACOME', 'ANA ISABEL', 'SI', '1988-06-05', 26, 'FEMENINO', 'MEXICO','MEXICANA', 'CASADO', 'MAT@HOTMAIL.COM', '2012-03-06', FALSE,'4','202','100','CAROLA', 1140, 'MOCTEZUMA', 'COLIMA', FALSE, FALSE, FALSE, FALSE,FALSE, FALSE, FALSE, FALSE, FALSE,'1234567890','BANAMEX','EFECTIVO', 5.30000019073486, 6.19999980926514, 5.8,3.9,3.5,6.9, 10.1999998092651,'PENSION ALIMENTICIA ACRED', 'PENSION ALIMENTICIA OBS', '123456780000');


INSERT INTO "EMPLEADO"("ID_EMPLEADO", "NO_CONTROL", "NSS", "CURP", "APELLIDO_PATERNO", "APELLIDO_MATERNO", "NOMBRE", "RFC", "FECHA_NACIMIENTO", "EDAD", "SEXO", "PAIS_ORIGEN", "NACIONALIDAD", "ESTADO_CIVIL", "CORREO_ELECTRONICO", 
            "FECHA_INGRESO", "LISTA_NEGRA", "CALLE", "NUM_EXTERIOR", "NUM_INTERIOR", "COLONIA", "CODIGO_POSTAL", "MUNICIPIO_DEL", "ENT_FEDERATIVA", "DOC_IFE", "DOC_ACT_NAN", "DOC_CURP", "DOC_RFC", "DOC_COMPROBANTE", 
            "DOC_COMP_EST", "DOC_CORREO", "DOC_CLABE", "DOC_PREAFILIACION","CUENTA", "BANCO", "TIPO_PAGO", "DESC_INFONAVIT_VSMG", "DESC_INFONAVIT_PORC", "DESC_INFONAVIT_IMP", "DESC_FONACOT_PAGO", "DESC_FONACOT_NUM", 
            "PENSION_ALIM_IMP", "PENSION_ALIM_PORC", "PENSION_ALIM_ACRED", "PENSION_ALIM_OBS", "NO_CRED_INFONAVIT")
VALUES (1006,'062T0166','3433333333', 'LAHA880516MVZNRL10',  'PEREZ', 'CORDOBA', 'ALDO', 'SI', '1988-06-05', 26, 'FEMENINO', 'MEXICO','MEXICANA', 'SOLTERO', 'MAT@HOTMAIL.COM', '2012-03-06', FALSE,'4','202','100','CAROLA', 1140, 'MOCTEZUMA', 'COLIMA', FALSE, FALSE, FALSE, FALSE,FALSE, FALSE, FALSE, FALSE, FALSE,'1234567890','BANAMEX','EFECTIVO', 5.30000019073486, 6.19999980926514, 5.8,3.9,3.5,6.9, 10.1999998092651,'PENSION ALIMENTICIA ACRED', 'PENSION ALIMENTICIA OBS', '123456780000');
INSERT INTO "EMPLEADO"("ID_EMPLEADO", "NO_CONTROL", "NSS", "CURP", "APELLIDO_PATERNO", "APELLIDO_MATERNO", "NOMBRE", "RFC", "FECHA_NACIMIENTO", "EDAD", "SEXO", "PAIS_ORIGEN", "NACIONALIDAD", "ESTADO_CIVIL", "CORREO_ELECTRONICO", 
            "FECHA_INGRESO", "LISTA_NEGRA", "CALLE", "NUM_EXTERIOR", "NUM_INTERIOR", "COLONIA", "CODIGO_POSTAL", "MUNICIPIO_DEL", "ENT_FEDERATIVA", "DOC_IFE", "DOC_ACT_NAN", "DOC_CURP", "DOC_RFC", "DOC_COMPROBANTE", 
            "DOC_COMP_EST", "DOC_CORREO", "DOC_CLABE", "DOC_PREAFILIACION","CUENTA", "BANCO", "TIPO_PAGO", "DESC_INFONAVIT_VSMG", "DESC_INFONAVIT_PORC", "DESC_INFONAVIT_IMP", "DESC_FONACOT_PAGO", "DESC_FONACOT_NUM", 
            "PENSION_ALIM_IMP", "PENSION_ALIM_PORC", "PENSION_ALIM_ACRED", "PENSION_ALIM_OBS", "NO_CRED_INFONAVIT")
VALUES (1007,'062T0166','3433333333', 'LAHA880516MVZNRL10', 'LARA', 'MENDEZ', 'MONICA', 'SI', '1988-06-05', 26, 'MASCULINO', 'MEXICO','MEXICANA', 'SOLTERO', 'MAT@HOTMAIL.COM', '2012-03-06', TRUE,'4','202','100','CAROLA', 1140, 'MOCTEZUMA', 'COLIMA', TRUE, TRUE, TRUE, TRUE,TRUE, TRUE, TRUE, TRUE, TRUE,'1234567890','BANAMEX','EFECTIVO', 5.30000019073486, 6.19999980926514, 5.8,3.9,3.5,6.9, 10.1999998092651,'PENSION ALIMENTICIA ACRED', 'PENSION ALIMENTICIA OBS', '123456780000');
INSERT INTO "EMPLEADO"("ID_EMPLEADO", "NO_CONTROL", "NSS", "CURP", "APELLIDO_PATERNO", "APELLIDO_MATERNO", "NOMBRE", "RFC", "FECHA_NACIMIENTO", "EDAD", "SEXO", "PAIS_ORIGEN", "NACIONALIDAD", "ESTADO_CIVIL", "CORREO_ELECTRONICO", 
            "FECHA_INGRESO", "LISTA_NEGRA", "CALLE", "NUM_EXTERIOR", "NUM_INTERIOR", "COLONIA", "CODIGO_POSTAL", "MUNICIPIO_DEL", "ENT_FEDERATIVA", "DOC_IFE", "DOC_ACT_NAN", "DOC_CURP", "DOC_RFC", "DOC_COMPROBANTE", 
            "DOC_COMP_EST", "DOC_CORREO", "DOC_CLABE", "DOC_PREAFILIACION","CUENTA", "BANCO", "TIPO_PAGO", "DESC_INFONAVIT_VSMG", "DESC_INFONAVIT_PORC", "DESC_INFONAVIT_IMP", "DESC_FONACOT_PAGO", "DESC_FONACOT_NUM", 
            "PENSION_ALIM_IMP", "PENSION_ALIM_PORC", "PENSION_ALIM_ACRED", "PENSION_ALIM_OBS", "NO_CRED_INFONAVIT")
VALUES (1008,'062T0166','3433333333', 'LAHA880516MVZNRL10', 'GUTIERREZ', 'CARMONA', 'DALIA', 'SI', '1988-06-05', 26, 'FEMENINO', 'MEXICO','MEXICANA', 'SOLTERO', 'MAT@HOTMAIL.COM', '2012-03-06', FALSE,'4','202','100','CAROLA', 1140, 'MOCTEZUMA', 'COLIMA', FALSE, FALSE, FALSE, FALSE,FALSE, FALSE, FALSE, FALSE, FALSE,'1234567890','BANAMEX','EFECTIVO', 5.30000019073486, 6.19999980926514, 5.8,3.9,3.5,6.9, 10.1999998092651,'PENSION ALIMENTICIA ACRED', 'PENSION ALIMENTICIA OBS', '123456780000');
INSERT INTO "EMPLEADO"("ID_EMPLEADO", "NO_CONTROL", "NSS", "CURP", "APELLIDO_PATERNO", "APELLIDO_MATERNO", "NOMBRE", "RFC", "FECHA_NACIMIENTO", "EDAD", "SEXO", "PAIS_ORIGEN", "NACIONALIDAD", "ESTADO_CIVIL", "CORREO_ELECTRONICO", 
            "FECHA_INGRESO", "LISTA_NEGRA", "CALLE", "NUM_EXTERIOR", "NUM_INTERIOR", "COLONIA", "CODIGO_POSTAL", "MUNICIPIO_DEL", "ENT_FEDERATIVA", "DOC_IFE", "DOC_ACT_NAN", "DOC_CURP", "DOC_RFC", "DOC_COMPROBANTE", 
            "DOC_COMP_EST", "DOC_CORREO", "DOC_CLABE", "DOC_PREAFILIACION","CUENTA", "BANCO", "TIPO_PAGO", "DESC_INFONAVIT_VSMG", "DESC_INFONAVIT_PORC", "DESC_INFONAVIT_IMP", "DESC_FONACOT_PAGO", "DESC_FONACOT_NUM", 
            "PENSION_ALIM_IMP", "PENSION_ALIM_PORC", "PENSION_ALIM_ACRED", "PENSION_ALIM_OBS", "NO_CRED_INFONAVIT")
VALUES (1009,'062T0166','3433333333', 'LAHA880516MVZNRL10', 'MENDOZA', 'LIRA', 'RICARDO', 'SI', '1988-06-05', 26, 'MASCULINO', 'MEXICO','MEXICANA', 'SOLTERO', 'MAT@HOTMAIL.COM', '2012-03-06', TRUE,'4','202','100','CAROLA', 1140, 'MOCTEZUMA', 'COLIMA', TRUE, TRUE, TRUE, TRUE,TRUE, TRUE, TRUE, TRUE, TRUE,'1234567890','BANAMEX','EFECTIVO', 5.30000019073486, 6.19999980926514, 5.8,3.9,3.5,6.9, 10.1999998092651,'PENSION ALIMENTICIA ACRED', 'PENSION ALIMENTICIA OBS', '123456780000');
INSERT INTO "EMPLEADO"("ID_EMPLEADO", "NO_CONTROL", "NSS", "CURP", "APELLIDO_PATERNO", "APELLIDO_MATERNO", "NOMBRE", "RFC", "FECHA_NACIMIENTO", "EDAD", "SEXO", "PAIS_ORIGEN", "NACIONALIDAD", "ESTADO_CIVIL", "CORREO_ELECTRONICO", 
            "FECHA_INGRESO", "LISTA_NEGRA", "CALLE", "NUM_EXTERIOR", "NUM_INTERIOR", "COLONIA", "CODIGO_POSTAL", "MUNICIPIO_DEL", "ENT_FEDERATIVA", "DOC_IFE", "DOC_ACT_NAN", "DOC_CURP", "DOC_RFC", "DOC_COMPROBANTE", 
            "DOC_COMP_EST", "DOC_CORREO", "DOC_CLABE", "DOC_PREAFILIACION","CUENTA", "BANCO", "TIPO_PAGO", "DESC_INFONAVIT_VSMG", "DESC_INFONAVIT_PORC", "DESC_INFONAVIT_IMP", "DESC_FONACOT_PAGO", "DESC_FONACOT_NUM", 
            "PENSION_ALIM_IMP", "PENSION_ALIM_PORC", "PENSION_ALIM_ACRED", "PENSION_ALIM_OBS", "NO_CRED_INFONAVIT")
VALUES (1010,'062T0166','3433333333', 'LAHA880516MVZNRL10', 'MENDEZ', 'ARANGO', 'EMMANUEL', 'SI', '1988-06-05', 26, 'MASCULINO', 'MEXICO','MEXICANA', 'CASADO', 'MAT@HOTMAIL.COM', '2012-03-06', FALSE,'4','202','100','CAROLA', 1140, 'MOCTEZUMA', 'COLIMA', FALSE, FALSE, FALSE, FALSE,FALSE, FALSE, FALSE, FALSE, FALSE,'1234567890','BANAMEX','EFECTIVO', 5.30000019073486, 6.19999980926514, 5.8,3.9,3.5,6.9, 10.1999998092651,'PENSION ALIMENTICIA ACRED', 'PENSION ALIMENTICIA OBS', '123456780000');


INSERT INTO "EMPLEADO"("ID_EMPLEADO", "NO_CONTROL", "NSS", "CURP", "APELLIDO_PATERNO", "APELLIDO_MATERNO", "NOMBRE", "RFC", "FECHA_NACIMIENTO", "EDAD", "SEXO", "PAIS_ORIGEN", "NACIONALIDAD", "ESTADO_CIVIL", "CORREO_ELECTRONICO", 
            "FECHA_INGRESO", "LISTA_NEGRA", "CALLE", "NUM_EXTERIOR", "NUM_INTERIOR", "COLONIA", "CODIGO_POSTAL", "MUNICIPIO_DEL", "ENT_FEDERATIVA", "DOC_IFE", "DOC_ACT_NAN", "DOC_CURP", "DOC_RFC", "DOC_COMPROBANTE", 
            "DOC_COMP_EST", "DOC_CORREO", "DOC_CLABE", "DOC_PREAFILIACION","CUENTA", "BANCO", "TIPO_PAGO", "DESC_INFONAVIT_VSMG", "DESC_INFONAVIT_PORC", "DESC_INFONAVIT_IMP", "DESC_FONACOT_PAGO", "DESC_FONACOT_NUM", 
            "PENSION_ALIM_IMP", "PENSION_ALIM_PORC", "PENSION_ALIM_ACRED", "PENSION_ALIM_OBS", "NO_CRED_INFONAVIT")
VALUES (1011,'062T0166','3433333333', 'LAHA880516MVZNRL10', 'COLIN', 'GUERRERO', 'HUMBERTO', 'SI', '1988-06-05', 26, 'MASCULINO', 'MEXICO','MEXICANA', 'SOLTERO', 'MAT@HOTMAIL.COM', '2012-03-06', FALSE,'4','202','100','CAROLA', 1140, 'MOCTEZUMA', 'COLIMA', FALSE, FALSE, FALSE, FALSE,FALSE, FALSE, FALSE, FALSE, FALSE,'1234567890','BANAMEX','EFECTIVO', 5.30000019073486, 6.19999980926514, 5.8,3.9,3.5,6.9, 10.1999998092651,'PENSION ALIMENTICIA ACRED', 'PENSION ALIMENTICIA OBS', '123456780000');
INSERT INTO "EMPLEADO"("ID_EMPLEADO", "NO_CONTROL", "NSS", "CURP", "APELLIDO_PATERNO", "APELLIDO_MATERNO", "NOMBRE", "RFC", "FECHA_NACIMIENTO", "EDAD", "SEXO", "PAIS_ORIGEN", "NACIONALIDAD", "ESTADO_CIVIL", "CORREO_ELECTRONICO", 
            "FECHA_INGRESO", "LISTA_NEGRA", "CALLE", "NUM_EXTERIOR", "NUM_INTERIOR", "COLONIA", "CODIGO_POSTAL", "MUNICIPIO_DEL", "ENT_FEDERATIVA", "DOC_IFE", "DOC_ACT_NAN", "DOC_CURP", "DOC_RFC", "DOC_COMPROBANTE", 
            "DOC_COMP_EST", "DOC_CORREO", "DOC_CLABE", "DOC_PREAFILIACION","CUENTA", "BANCO", "TIPO_PAGO", "DESC_INFONAVIT_VSMG", "DESC_INFONAVIT_PORC", "DESC_INFONAVIT_IMP", "DESC_FONACOT_PAGO", "DESC_FONACOT_NUM", 
            "PENSION_ALIM_IMP", "PENSION_ALIM_PORC", "PENSION_ALIM_ACRED", "PENSION_ALIM_OBS", "NO_CRED_INFONAVIT")
VALUES (1012,'062T0166','3433333333', 'LAHA880516MVZNRL10', 'GRADOS', 'CABALLEROS', 'LUIS ALEJANDRO', 'SI', '1988-06-05', 26, 'MASCULINO', 'MEXICO','MEXICANA', 'SOLTERO', 'MAT@HOTMAIL.COM', '2012-03-06', TRUE,'4','202','100','CAROLA', 1140, 'MOCTEZUMA', 'COLIMA', TRUE, TRUE, TRUE, TRUE,TRUE, TRUE, TRUE, TRUE, TRUE,'1234567890','BANAMEX','EFECTIVO', 5.30000019073486, 6.19999980926514, 5.8,3.9,3.5,6.9, 10.1999998092651,'PENSION ALIMENTICIA ACRED', 'PENSION ALIMENTICIA OBS', '123456780000');
INSERT INTO "EMPLEADO"("ID_EMPLEADO", "NO_CONTROL", "NSS", "CURP", "APELLIDO_PATERNO", "APELLIDO_MATERNO", "NOMBRE", "RFC", "FECHA_NACIMIENTO", "EDAD", "SEXO", "PAIS_ORIGEN", "NACIONALIDAD", "ESTADO_CIVIL", "CORREO_ELECTRONICO", 
            "FECHA_INGRESO", "LISTA_NEGRA", "CALLE", "NUM_EXTERIOR", "NUM_INTERIOR", "COLONIA", "CODIGO_POSTAL", "MUNICIPIO_DEL", "ENT_FEDERATIVA", "DOC_IFE", "DOC_ACT_NAN", "DOC_CURP", "DOC_RFC", "DOC_COMPROBANTE", 
            "DOC_COMP_EST", "DOC_CORREO", "DOC_CLABE", "DOC_PREAFILIACION","CUENTA", "BANCO", "TIPO_PAGO", "DESC_INFONAVIT_VSMG", "DESC_INFONAVIT_PORC", "DESC_INFONAVIT_IMP", "DESC_FONACOT_PAGO", "DESC_FONACOT_NUM", 
            "PENSION_ALIM_IMP", "PENSION_ALIM_PORC", "PENSION_ALIM_ACRED", "PENSION_ALIM_OBS", "NO_CRED_INFONAVIT")
VALUES (1013,'062T0166','3433333333', 'LAHA880516MVZNRL10', 'BRAVO', 'TORREBLANCA', 'JOSE ARTURO', 'SI', '1988-06-05', 26, 'MASCULINO', 'MEXICO','MEXICANA', 'SOLTERO', 'MAT@HOTMAIL.COM', '2012-03-06', FALSE,'4','202','100','CAROLA', 1140, 'MOCTEZUMA', 'COLIMA', FALSE, FALSE, FALSE, FALSE,FALSE, FALSE, FALSE, FALSE, FALSE,'1234567890','BANAMEX','EFECTIVO', 5.30000019073486, 6.19999980926514, 5.8,3.9,3.5,6.9, 10.1999998092651,'PENSION ALIMENTICIA ACRED', 'PENSION ALIMENTICIA OBS', '123456780000');
INSERT INTO "EMPLEADO"("ID_EMPLEADO", "NO_CONTROL", "NSS", "CURP", "APELLIDO_PATERNO", "APELLIDO_MATERNO", "NOMBRE", "RFC", "FECHA_NACIMIENTO", "EDAD", "SEXO", "PAIS_ORIGEN", "NACIONALIDAD", "ESTADO_CIVIL", "CORREO_ELECTRONICO", 
            "FECHA_INGRESO", "LISTA_NEGRA", "CALLE", "NUM_EXTERIOR", "NUM_INTERIOR", "COLONIA", "CODIGO_POSTAL", "MUNICIPIO_DEL", "ENT_FEDERATIVA", "DOC_IFE", "DOC_ACT_NAN", "DOC_CURP", "DOC_RFC", "DOC_COMPROBANTE", 
            "DOC_COMP_EST", "DOC_CORREO", "DOC_CLABE", "DOC_PREAFILIACION","CUENTA", "BANCO", "TIPO_PAGO", "DESC_INFONAVIT_VSMG", "DESC_INFONAVIT_PORC", "DESC_INFONAVIT_IMP", "DESC_FONACOT_PAGO", "DESC_FONACOT_NUM", 
            "PENSION_ALIM_IMP", "PENSION_ALIM_PORC", "PENSION_ALIM_ACRED", "PENSION_ALIM_OBS", "NO_CRED_INFONAVIT")
VALUES (1014,'062T0166','3433333333', 'LAHA880516MVZNRL10', 'CORTES', 'LOPEZ', 'ERIKA DE GUADALUPE', 'SI', '1988-06-05', 26, 'FEMENINO', 'MEXICO','MEXICANA', 'SOLTERO', 'MAT@HOTMAIL.COM', '2012-03-06', TRUE,'4','202','100','CAROLA', 1140, 'MOCTEZUMA', 'COLIMA', TRUE, TRUE, TRUE, TRUE,TRUE, TRUE, TRUE, TRUE, TRUE,'1234567890','BANAMEX','EFECTIVO', 5.30000019073486, 6.19999980926514, 5.8,3.9,3.5,6.9, 10.1999998092651,'PENSION ALIMENTICIA ACRED', 'PENSION ALIMENTICIA OBS', '123456780000');
INSERT INTO "EMPLEADO"("ID_EMPLEADO", "NO_CONTROL", "NSS", "CURP", "APELLIDO_PATERNO", "APELLIDO_MATERNO", "NOMBRE", "RFC", "FECHA_NACIMIENTO", "EDAD", "SEXO", "PAIS_ORIGEN", "NACIONALIDAD", "ESTADO_CIVIL", "CORREO_ELECTRONICO", 
            "FECHA_INGRESO", "LISTA_NEGRA", "CALLE", "NUM_EXTERIOR", "NUM_INTERIOR", "COLONIA", "CODIGO_POSTAL", "MUNICIPIO_DEL", "ENT_FEDERATIVA", "DOC_IFE", "DOC_ACT_NAN", "DOC_CURP", "DOC_RFC", "DOC_COMPROBANTE", 
            "DOC_COMP_EST", "DOC_CORREO", "DOC_CLABE", "DOC_PREAFILIACION","CUENTA", "BANCO", "TIPO_PAGO", "DESC_INFONAVIT_VSMG", "DESC_INFONAVIT_PORC", "DESC_INFONAVIT_IMP", "DESC_FONACOT_PAGO", "DESC_FONACOT_NUM", 
            "PENSION_ALIM_IMP", "PENSION_ALIM_PORC", "PENSION_ALIM_ACRED", "PENSION_ALIM_OBS", "NO_CRED_INFONAVIT")
VALUES (1015,'062T0166','3433333333', 'LAHA880516MVZNRL10', 'GRADOS', 'LEON', 'LUIS MIGUEL', 'SI', '1988-06-05', 26, 'MASCULINO', 'MEXICO','MEXICANA', 'CASADO', 'MAT@HOTMAIL.COM', '2012-03-06', FALSE,'4','202','100','CAROLA', 1140, 'MOCTEZUMA', 'COLIMA', FALSE, FALSE, FALSE, FALSE,FALSE, FALSE, FALSE, FALSE, FALSE,'1234567890','BANAMEX','EFECTIVO', 5.30000019073486, 6.19999980926514, 5.8,3.9,3.5,6.9, 10.1999998092651,'PENSION ALIMENTICIA ACRED', 'PENSION ALIMENTICIA OBS', '123456780000');

/********************************************************PATRONA******************************************/
INSERT INTO "PATRONA"("ID_PATRONA", "RAZON_SOCIAL", "NOMBRE_CORTO", "ES_INTERMEDIARIA", "FOLIO_MERCANTIL", "CALLE_FISCAL", "COLONIA_FISCAL", "NUM_INTERIOR_FISCAL", "CP_FISCAL", "MUNICIPIO_FISCAL", "ESTADO_FISCAL", "FISCAL_NUM_PAGO", 
            "ACTA_NUMERO", "ACTA_NOTARIA", "ACTA_FECHA", "ACTA_CIUDAD", "ACTA_ESTADO", "NUM_EXTERIOR_FISCAL", "TEL_CONTACTO", "RFC", "DOM_VIRTUALES", "ACCIONISTA", "POD_NOTA_PLEITOS_Y_COBRANZAS", "REP_LEG_PLEITOS_COBR", 
            "POD_NOTA_LAB", "REP_LEG_LAB", "ACTA_NOTARIO")
VALUES (1001,'VISION-IT SOLUCIONES, S. DE R.L. DE C.V.','Vision It Proy',TRUE,1212,'4','TOLTECAS',12333,111111,'SZDXZSD','AGUASCALIENTES',12333,1,2,'2015-01-07','MEXICO','DF',1212,1234567890,'LAHA880516CV4','{"domVirtuales":[{ "idDomVirtual":0, "domVirtual": "MODERNA NO12 COLMIGUEL HIDALGO" }]}','{"accionistas":[{ "idAccionista":0, "nombreAccionista": "MARIO JUAREZ VENTURA" }]}','{"poderesNotLabPleiCob":[{ "idPoderesNotLabPleiCob":2, "numero": "13555" , "notaria": "2245556" , "notario": "alberto " }]}','{"representantesLegalesPleitosCobranzas":[{ "idRepLegPleiCob":0, "nombreRepLegPleiCob": "MARIO JUAREZ VENTURA" }]}','{"poderesNotLab":[{ "idPodNotLab":2, "numero": "125556" , "notaria": "15555" , "notario": "MARIANA" }]}','{"representantesLegalesLaborales":[{ "idRepLegLab":0, "nombreRepLegLab": "MARIO JUAREZ VENTURA" }]}','');

INSERT INTO "PATRONA"("ID_PATRONA", "RAZON_SOCIAL", "NOMBRE_CORTO", "ES_INTERMEDIARIA", "FOLIO_MERCANTIL", "CALLE_FISCAL", "COLONIA_FISCAL", "NUM_INTERIOR_FISCAL", "CP_FISCAL", "MUNICIPIO_FISCAL", "ESTADO_FISCAL", "FISCAL_NUM_PAGO", 
            "ACTA_NUMERO", "ACTA_NOTARIA", "ACTA_FECHA", "ACTA_CIUDAD", "ACTA_ESTADO", "NUM_EXTERIOR_FISCAL", "TEL_CONTACTO", "RFC", "DOM_VIRTUALES", "ACCIONISTA", "POD_NOTA_PLEITOS_Y_COBRANZAS", "REP_LEG_PLEITOS_COBR", 
            "POD_NOTA_LAB", "REP_LEG_LAB", "ACTA_NOTARIO")
VALUES (1002,'VISION-IT SOLUCIONES, S. DE R.L. DE C.V.','Vision It Proy',TRUE,1212,'4','TOLTECAS',12333,111111,'SZDXZSD','AGUASCALIENTES',12333,1,2,'2015-01-07','MEXICO','DF',1212,1234567890,'LAHA880516CV4','{"domVirtuales":[{ "idDomVirtual":0, "domVirtual": "MODERNA NO12 COLMIGUEL HIDALGO" }]}','{"accionistas":[{ "idAccionista":0, "nombreAccionista": "MARIO JUAREZ VENTURA" }]}','{"poderesNotLabPleiCob":[{ "idPoderesNotLabPleiCob":2, "numero": "13555" , "notaria": "2245556" , "notario": "alberto " }]}','{"representantesLegalesPleitosCobranzas":[{ "idRepLegPleiCob":0, "nombreRepLegPleiCob": "MARIO JUAREZ VENTURA" }]}','{"poderesNotLab":[{ "idPodNotLab":2, "numero": "125556" , "notaria": "15555" , "notario": "MARIANA" }]}','{"representantesLegalesLaborales":[{ "idRepLegLab":0, "nombreRepLegLab": "MARIO JUAREZ VENTURA" }]}','');
INSERT INTO "PATRONA"("ID_PATRONA", "RAZON_SOCIAL", "NOMBRE_CORTO", "ES_INTERMEDIARIA", "FOLIO_MERCANTIL", "CALLE_FISCAL", "COLONIA_FISCAL", "NUM_INTERIOR_FISCAL", "CP_FISCAL", "MUNICIPIO_FISCAL", "ESTADO_FISCAL", "FISCAL_NUM_PAGO", 
            "ACTA_NUMERO", "ACTA_NOTARIA", "ACTA_FECHA", "ACTA_CIUDAD", "ACTA_ESTADO", "NUM_EXTERIOR_FISCAL", "TEL_CONTACTO", "RFC", "DOM_VIRTUALES", "ACCIONISTA", "POD_NOTA_PLEITOS_Y_COBRANZAS", "REP_LEG_PLEITOS_COBR", 
            "POD_NOTA_LAB", "REP_LEG_LAB", "ACTA_NOTARIO")
VALUES (1003,'VISION-IT SOLUCIONES, S. DE R.L. DE C.V.','Vision It Proy',TRUE,1212,'4','TOLTECAS',12333,111111,'SZDXZSD','AGUASCALIENTES',12333,1,2,'2015-01-07','MEXICO','DF',1212,1234567890,'LAHA880516CV4','{"domVirtuales":[{ "idDomVirtual":0, "domVirtual": "MODERNA NO12 COLMIGUEL HIDALGO" }]}','{"accionistas":[{ "idAccionista":0, "nombreAccionista": "MARIO JUAREZ VENTURA" }]}','{"poderesNotLabPleiCob":[{ "idPoderesNotLabPleiCob":2, "numero": "13555" , "notaria": "2245556" , "notario": "alberto " }]}','{"representantesLegalesPleitosCobranzas":[{ "idRepLegPleiCob":0, "nombreRepLegPleiCob": "MARIO JUAREZ VENTURA" }]}','{"poderesNotLab":[{ "idPodNotLab":2, "numero": "125556" , "notaria": "15555" , "notario": "MARIANA" }]}','{"representantesLegalesLaborales":[{ "idRepLegLab":0, "nombreRepLegLab": "MARIO JUAREZ VENTURA" }]}','');
INSERT INTO "PATRONA"("ID_PATRONA", "RAZON_SOCIAL", "NOMBRE_CORTO", "ES_INTERMEDIARIA", "FOLIO_MERCANTIL", "CALLE_FISCAL", "COLONIA_FISCAL", "NUM_INTERIOR_FISCAL", "CP_FISCAL", "MUNICIPIO_FISCAL", "ESTADO_FISCAL", "FISCAL_NUM_PAGO", 
            "ACTA_NUMERO", "ACTA_NOTARIA", "ACTA_FECHA", "ACTA_CIUDAD", "ACTA_ESTADO", "NUM_EXTERIOR_FISCAL", "TEL_CONTACTO", "RFC", "DOM_VIRTUALES", "ACCIONISTA", "POD_NOTA_PLEITOS_Y_COBRANZAS", "REP_LEG_PLEITOS_COBR", 
            "POD_NOTA_LAB", "REP_LEG_LAB", "ACTA_NOTARIO")
VALUES (1004,'VISION-IT SOLUCIONES, S. DE R.L. DE C.V.','Vision It Proy',TRUE,1212,'4','TOLTECAS',12333,111111,'SZDXZSD','AGUASCALIENTES',12333,1,2,'2015-01-07','MEXICO','DF',1212,1234567890,'LAHA880516CV4','{"domVirtuales":[{ "idDomVirtual":0, "domVirtual": "MODERNA NO12 COLMIGUEL HIDALGO" }]}','{"accionistas":[{ "idAccionista":0, "nombreAccionista": "MARIO JUAREZ VENTURA" }]}','{"poderesNotLabPleiCob":[{ "idPoderesNotLabPleiCob":2, "numero": "13555" , "notaria": "2245556" , "notario": "alberto " }]}','{"representantesLegalesPleitosCobranzas":[{ "idRepLegPleiCob":0, "nombreRepLegPleiCob": "MARIO JUAREZ VENTURA" }]}','{"poderesNotLab":[{ "idPodNotLab":2, "numero": "125556" , "notaria": "15555" , "notario": "MARIANA" }]}','{"representantesLegalesLaborales":[{ "idRepLegLab":0, "nombreRepLegLab": "MARIO JUAREZ VENTURA" }]}','');
INSERT INTO "PATRONA"("ID_PATRONA", "RAZON_SOCIAL", "NOMBRE_CORTO", "ES_INTERMEDIARIA", "FOLIO_MERCANTIL", "CALLE_FISCAL", "COLONIA_FISCAL", "NUM_INTERIOR_FISCAL", "CP_FISCAL", "MUNICIPIO_FISCAL", "ESTADO_FISCAL", "FISCAL_NUM_PAGO", 
            "ACTA_NUMERO", "ACTA_NOTARIA", "ACTA_FECHA", "ACTA_CIUDAD", "ACTA_ESTADO", "NUM_EXTERIOR_FISCAL", "TEL_CONTACTO", "RFC", "DOM_VIRTUALES", "ACCIONISTA", "POD_NOTA_PLEITOS_Y_COBRANZAS", "REP_LEG_PLEITOS_COBR", 
            "POD_NOTA_LAB", "REP_LEG_LAB", "ACTA_NOTARIO")
VALUES (1005,'VISION-IT SOLUCIONES, S. DE R.L. DE C.V.','Vision It Proy',TRUE,1212,'4','TOLTECAS',12333,111111,'SZDXZSD','AGUASCALIENTES',12333,1,2,'2015-01-07','MEXICO','DF',1212,1234567890,'LAHA880516CV4','{"domVirtuales":[{ "idDomVirtual":0, "domVirtual": "MODERNA NO12 COLMIGUEL HIDALGO" }]}','{"accionistas":[{ "idAccionista":0, "nombreAccionista": "MARIO JUAREZ VENTURA" }]}','{"poderesNotLabPleiCob":[{ "idPoderesNotLabPleiCob":2, "numero": "13555" , "notaria": "2245556" , "notario": "alberto " }]}','{"representantesLegalesPleitosCobranzas":[{ "idRepLegPleiCob":0, "nombreRepLegPleiCob": "MARIO JUAREZ VENTURA" }]}','{"poderesNotLab":[{ "idPodNotLab":2, "numero": "125556" , "notaria": "15555" , "notario": "MARIANA" }]}','{"representantesLegalesLaborales":[{ "idRepLegLab":0, "nombreRepLegLab": "MARIO JUAREZ VENTURA" }]}','');

INSERT INTO "PATRONA"("ID_PATRONA", "RAZON_SOCIAL", "NOMBRE_CORTO", "ES_INTERMEDIARIA", "FOLIO_MERCANTIL", "CALLE_FISCAL", "COLONIA_FISCAL", "NUM_INTERIOR_FISCAL", "CP_FISCAL", "MUNICIPIO_FISCAL", "ESTADO_FISCAL", "FISCAL_NUM_PAGO", 
            "ACTA_NUMERO", "ACTA_NOTARIA", "ACTA_FECHA", "ACTA_CIUDAD", "ACTA_ESTADO", "NUM_EXTERIOR_FISCAL", "TEL_CONTACTO", "RFC", "DOM_VIRTUALES", "ACCIONISTA", "POD_NOTA_PLEITOS_Y_COBRANZAS", "REP_LEG_PLEITOS_COBR", 
            "POD_NOTA_LAB", "REP_LEG_LAB", "ACTA_NOTARIO")
VALUES (1006,'ESTRUCTURAS SOLARES, S. DE R.L. DE C.V.','SOLAR',TRUE,1212,'4','TOLTECAS',12333,111111,'SZDXZSD','AGUASCALIENTES',12333,1,2,'2015-01-07','MEXICO','DF',1212,1234567890,'LAHA880516CV4','{"domVirtuales":[{ "idDomVirtual":0, "domVirtual": "MODERNA NO12 COLMIGUEL HIDALGO" }]}','{"accionistas":[{ "idAccionista":0, "nombreAccionista": "MARIO JUAREZ VENTURA" }]}','{"poderesNotLabPleiCob":[{ "idPoderesNotLabPleiCob":2, "numero": "13555" , "notaria": "2245556" , "notario": "alberto " }]}','{"representantesLegalesPleitosCobranzas":[{ "idRepLegPleiCob":0, "nombreRepLegPleiCob": "MARIO JUAREZ VENTURA" }]}','{"poderesNotLab":[{ "idPodNotLab":2, "numero": "125556" , "notaria": "15555" , "notario": "MARIANA" }]}','{"representantesLegalesLaborales":[{ "idRepLegLab":0, "nombreRepLegLab": "MARIO JUAREZ VENTURA" }]}','');
INSERT INTO "PATRONA"("ID_PATRONA", "RAZON_SOCIAL", "NOMBRE_CORTO", "ES_INTERMEDIARIA", "FOLIO_MERCANTIL", "CALLE_FISCAL", "COLONIA_FISCAL", "NUM_INTERIOR_FISCAL", "CP_FISCAL", "MUNICIPIO_FISCAL", "ESTADO_FISCAL", "FISCAL_NUM_PAGO", 
            "ACTA_NUMERO", "ACTA_NOTARIA", "ACTA_FECHA", "ACTA_CIUDAD", "ACTA_ESTADO", "NUM_EXTERIOR_FISCAL", "TEL_CONTACTO", "RFC", "DOM_VIRTUALES", "ACCIONISTA", "POD_NOTA_PLEITOS_Y_COBRANZAS", "REP_LEG_PLEITOS_COBR", 
            "POD_NOTA_LAB", "REP_LEG_LAB", "ACTA_NOTARIO")
VALUES (1007,'ESTRUCTURAS SOLARES, S. DE R.L. DE C.V.','SOLAR',TRUE,1212,'4','TOLTECAS',12333,111111,'SZDXZSD','AGUASCALIENTES',12333,1,2,'2015-01-07','MEXICO','DF',1212,1234567890,'LAHA880516CV4','{"domVirtuales":[{ "idDomVirtual":0, "domVirtual": "MODERNA NO12 COLMIGUEL HIDALGO" }]}','{"accionistas":[{ "idAccionista":0, "nombreAccionista": "MARIO JUAREZ VENTURA" }]}','{"poderesNotLabPleiCob":[{ "idPoderesNotLabPleiCob":2, "numero": "13555" , "notaria": "2245556" , "notario": "alberto " }]}','{"representantesLegalesPleitosCobranzas":[{ "idRepLegPleiCob":0, "nombreRepLegPleiCob": "MARIO JUAREZ VENTURA" }]}','{"poderesNotLab":[{ "idPodNotLab":2, "numero": "125556" , "notaria": "15555" , "notario": "MARIANA" }]}','{"representantesLegalesLaborales":[{ "idRepLegLab":0, "nombreRepLegLab": "MARIO JUAREZ VENTURA" }]}','');
INSERT INTO "PATRONA"("ID_PATRONA", "RAZON_SOCIAL", "NOMBRE_CORTO", "ES_INTERMEDIARIA", "FOLIO_MERCANTIL", "CALLE_FISCAL", "COLONIA_FISCAL", "NUM_INTERIOR_FISCAL", "CP_FISCAL", "MUNICIPIO_FISCAL", "ESTADO_FISCAL", "FISCAL_NUM_PAGO", 
            "ACTA_NUMERO", "ACTA_NOTARIA", "ACTA_FECHA", "ACTA_CIUDAD", "ACTA_ESTADO", "NUM_EXTERIOR_FISCAL", "TEL_CONTACTO", "RFC", "DOM_VIRTUALES", "ACCIONISTA", "POD_NOTA_PLEITOS_Y_COBRANZAS", "REP_LEG_PLEITOS_COBR", 
            "POD_NOTA_LAB", "REP_LEG_LAB", "ACTA_NOTARIO")
VALUES (1008,'ESTRUCTURAS SOLARES, S. DE R.L. DE C.V.','SOLAR',TRUE,1212,'4','TOLTECAS',12333,111111,'SZDXZSD','AGUASCALIENTES',12333,1,2,'2015-01-07','MEXICO','DF',1212,1234567890,'LAHA880516CV4','{"domVirtuales":[{ "idDomVirtual":0, "domVirtual": "MODERNA NO12 COLMIGUEL HIDALGO" }]}','{"accionistas":[{ "idAccionista":0, "nombreAccionista": "MARIO JUAREZ VENTURA" }]}','{"poderesNotLabPleiCob":[{ "idPoderesNotLabPleiCob":2, "numero": "13555" , "notaria": "2245556" , "notario": "alberto " }]}','{"representantesLegalesPleitosCobranzas":[{ "idRepLegPleiCob":0, "nombreRepLegPleiCob": "MARIO JUAREZ VENTURA" }]}','{"poderesNotLab":[{ "idPodNotLab":2, "numero": "125556" , "notaria": "15555" , "notario": "MARIANA" }]}','{"representantesLegalesLaborales":[{ "idRepLegLab":0, "nombreRepLegLab": "MARIO JUAREZ VENTURA" }]}','');
INSERT INTO "PATRONA"("ID_PATRONA", "RAZON_SOCIAL", "NOMBRE_CORTO", "ES_INTERMEDIARIA", "FOLIO_MERCANTIL", "CALLE_FISCAL", "COLONIA_FISCAL", "NUM_INTERIOR_FISCAL", "CP_FISCAL", "MUNICIPIO_FISCAL", "ESTADO_FISCAL", "FISCAL_NUM_PAGO", 
            "ACTA_NUMERO", "ACTA_NOTARIA", "ACTA_FECHA", "ACTA_CIUDAD", "ACTA_ESTADO", "NUM_EXTERIOR_FISCAL", "TEL_CONTACTO", "RFC", "DOM_VIRTUALES", "ACCIONISTA", "POD_NOTA_PLEITOS_Y_COBRANZAS", "REP_LEG_PLEITOS_COBR", 
            "POD_NOTA_LAB", "REP_LEG_LAB", "ACTA_NOTARIO")
VALUES (1009,'ESTRUCTURAS SOLARES, S. DE R.L. DE C.V.','SOLAR',TRUE,1212,'4','TOLTECAS',12333,111111,'SZDXZSD','AGUASCALIENTES',12333,1,2,'2015-01-07','MEXICO','DF',1212,1234567890,'LAHA880516CV4','{"domVirtuales":[{ "idDomVirtual":0, "domVirtual": "MODERNA NO12 COLMIGUEL HIDALGO" }]}','{"accionistas":[{ "idAccionista":0, "nombreAccionista": "MARIO JUAREZ VENTURA" }]}','{"poderesNotLabPleiCob":[{ "idPoderesNotLabPleiCob":2, "numero": "13555" , "notaria": "2245556" , "notario": "alberto " }]}','{"representantesLegalesPleitosCobranzas":[{ "idRepLegPleiCob":0, "nombreRepLegPleiCob": "MARIO JUAREZ VENTURA" }]}','{"poderesNotLab":[{ "idPodNotLab":2, "numero": "125556" , "notaria": "15555" , "notario": "MARIANA" }]}','{"representantesLegalesLaborales":[{ "idRepLegLab":0, "nombreRepLegLab": "MARIO JUAREZ VENTURA" }]}','');
INSERT INTO "PATRONA"("ID_PATRONA", "RAZON_SOCIAL", "NOMBRE_CORTO", "ES_INTERMEDIARIA", "FOLIO_MERCANTIL", "CALLE_FISCAL", "COLONIA_FISCAL", "NUM_INTERIOR_FISCAL", "CP_FISCAL", "MUNICIPIO_FISCAL", "ESTADO_FISCAL", "FISCAL_NUM_PAGO", 
            "ACTA_NUMERO", "ACTA_NOTARIA", "ACTA_FECHA", "ACTA_CIUDAD", "ACTA_ESTADO", "NUM_EXTERIOR_FISCAL", "TEL_CONTACTO", "RFC", "DOM_VIRTUALES", "ACCIONISTA", "POD_NOTA_PLEITOS_Y_COBRANZAS", "REP_LEG_PLEITOS_COBR", 
            "POD_NOTA_LAB", "REP_LEG_LAB", "ACTA_NOTARIO")
VALUES (1010,'ESTRUCTURAS SOLARES, S. DE R.L. DE C.V.','SOLAR',TRUE,1212,'4','TOLTECAS',12333,111111,'SZDXZSD','AGUASCALIENTES',12333,1,2,'2015-01-07','MEXICO','DF',1212,1234567890,'LAHA880516CV4','{"domVirtuales":[{ "idDomVirtual":0, "domVirtual": "MODERNA NO12 COLMIGUEL HIDALGO" }]}','{"accionistas":[{ "idAccionista":0, "nombreAccionista": "MARIO JUAREZ VENTURA" }]}','{"poderesNotLabPleiCob":[{ "idPoderesNotLabPleiCob":2, "numero": "13555" , "notaria": "2245556" , "notario": "alberto " }]}','{"representantesLegalesPleitosCobranzas":[{ "idRepLegPleiCob":0, "nombreRepLegPleiCob": "MARIO JUAREZ VENTURA" }]}','{"poderesNotLab":[{ "idPodNotLab":2, "numero": "125556" , "notaria": "15555" , "notario": "MARIANA" }]}','{"representantesLegalesLaborales":[{ "idRepLegLab":0, "nombreRepLegLab": "MARIO JUAREZ VENTURA" }]}','');

INSERT INTO "PATRONA"("ID_PATRONA", "RAZON_SOCIAL", "NOMBRE_CORTO", "ES_INTERMEDIARIA", "FOLIO_MERCANTIL", "CALLE_FISCAL", "COLONIA_FISCAL", "NUM_INTERIOR_FISCAL", "CP_FISCAL", "MUNICIPIO_FISCAL", "ESTADO_FISCAL", "FISCAL_NUM_PAGO", 
            "ACTA_NUMERO", "ACTA_NOTARIA", "ACTA_FECHA", "ACTA_CIUDAD", "ACTA_ESTADO", "NUM_EXTERIOR_FISCAL", "TEL_CONTACTO", "RFC", "DOM_VIRTUALES", "ACCIONISTA", "POD_NOTA_PLEITOS_Y_COBRANZAS", "REP_LEG_PLEITOS_COBR", 
            "POD_NOTA_LAB", "REP_LEG_LAB", "ACTA_NOTARIO")
VALUES (1011,'ESTRUCTURAS SOLARES, S. DE R.L. DE C.V.','SOLAR',TRUE,1212,'4','TOLTECAS',12333,111111,'SZDXZSD','AGUASCALIENTES',12333,1,2,'2015-01-07','MEXICO','DF',1212,1234567890,'LAHA880516CV4','{"domVirtuales":[{ "idDomVirtual":0, "domVirtual": "MODERNA NO12 COLMIGUEL HIDALGO" }]}','{"accionistas":[{ "idAccionista":0, "nombreAccionista": "MARIO JUAREZ VENTURA" }]}','{"poderesNotLabPleiCob":[{ "idPoderesNotLabPleiCob":2, "numero": "13555" , "notaria": "2245556" , "notario": "alberto " }]}','{"representantesLegalesPleitosCobranzas":[{ "idRepLegPleiCob":0, "nombreRepLegPleiCob": "MARIO JUAREZ VENTURA" }]}','{"poderesNotLab":[{ "idPodNotLab":2, "numero": "125556" , "notaria": "15555" , "notario": "MARIANA" }]}','{"representantesLegalesLaborales":[{ "idRepLegLab":0, "nombreRepLegLab": "MARIO JUAREZ VENTURA" }]}','');

INSERT INTO "PATRONA"("ID_PATRONA", "RAZON_SOCIAL", "NOMBRE_CORTO", "ES_INTERMEDIARIA", "FOLIO_MERCANTIL", "CALLE_FISCAL", "COLONIA_FISCAL", "NUM_INTERIOR_FISCAL", "CP_FISCAL", "MUNICIPIO_FISCAL", "ESTADO_FISCAL", "FISCAL_NUM_PAGO", 
            "ACTA_NUMERO", "ACTA_NOTARIA", "ACTA_FECHA", "ACTA_CIUDAD", "ACTA_ESTADO", "NUM_EXTERIOR_FISCAL", "TEL_CONTACTO", "RFC", "DOM_VIRTUALES", "ACCIONISTA", "POD_NOTA_PLEITOS_Y_COBRANZAS", "REP_LEG_PLEITOS_COBR", 
            "POD_NOTA_LAB", "REP_LEG_LAB", "ACTA_NOTARIO")
VALUES (1012,'ESTRUCTURAS SOLARES, S. DE R.L. DE C.V.','SOLAR',TRUE,1212,'4','TOLTECAS',12333,111111,'SZDXZSD','AGUASCALIENTES',12333,1,2,'2015-01-07','MEXICO','DF',1212,1234567890,'LAHA880516CV4','{"domVirtuales":[{ "idDomVirtual":0, "domVirtual": "MODERNA NO12 COLMIGUEL HIDALGO" }]}','{"accionistas":[{ "idAccionista":0, "nombreAccionista": "MARIO JUAREZ VENTURA" }]}','{"poderesNotLabPleiCob":[{ "idPoderesNotLabPleiCob":2, "numero": "13555" , "notaria": "2245556" , "notario": "alberto " }]}','{"representantesLegalesPleitosCobranzas":[{ "idRepLegPleiCob":0, "nombreRepLegPleiCob": "MARIO JUAREZ VENTURA" }]}','{"poderesNotLab":[{ "idPodNotLab":2, "numero": "125556" , "notaria": "15555" , "notario": "MARIANA" }]}','{"representantesLegalesLaborales":[{ "idRepLegLab":0, "nombreRepLegLab": "MARIO JUAREZ VENTURA" }]}','');

INSERT INTO "PATRONA"("ID_PATRONA", "RAZON_SOCIAL", "NOMBRE_CORTO", "ES_INTERMEDIARIA", "FOLIO_MERCANTIL", "CALLE_FISCAL", "COLONIA_FISCAL", "NUM_INTERIOR_FISCAL", "CP_FISCAL", "MUNICIPIO_FISCAL", "ESTADO_FISCAL", "FISCAL_NUM_PAGO", 
            "ACTA_NUMERO", "ACTA_NOTARIA", "ACTA_FECHA", "ACTA_CIUDAD", "ACTA_ESTADO", "NUM_EXTERIOR_FISCAL", "TEL_CONTACTO", "RFC", "DOM_VIRTUALES", "ACCIONISTA", "POD_NOTA_PLEITOS_Y_COBRANZAS", "REP_LEG_PLEITOS_COBR", 
            "POD_NOTA_LAB", "REP_LEG_LAB", "ACTA_NOTARIO")
VALUES (1013,'ESTRUCTURAS SOLARES, S. DE R.L. DE C.V.','SOLAR',TRUE,1212,'4','TOLTECAS',12333,111111,'SZDXZSD','AGUASCALIENTES',12333,1,2,'2015-01-07','MEXICO','DF',1212,1234567890,'LAHA880516CV4','{"domVirtuales":[{ "idDomVirtual":0, "domVirtual": "MODERNA NO12 COLMIGUEL HIDALGO" }]}','{"accionistas":[{ "idAccionista":0, "nombreAccionista": "MARIO JUAREZ VENTURA" }]}','{"poderesNotLabPleiCob":[{ "idPoderesNotLabPleiCob":2, "numero": "13555" , "notaria": "2245556" , "notario": "alberto " }]}','{"representantesLegalesPleitosCobranzas":[{ "idRepLegPleiCob":0, "nombreRepLegPleiCob": "MARIO JUAREZ VENTURA" }]}','{"poderesNotLab":[{ "idPodNotLab":2, "numero": "125556" , "notaria": "15555" , "notario": "MARIANA" }]}','{"representantesLegalesLaborales":[{ "idRepLegLab":0, "nombreRepLegLab": "MARIO JUAREZ VENTURA" }]}','');

INSERT INTO "PATRONA"("ID_PATRONA", "RAZON_SOCIAL", "NOMBRE_CORTO", "ES_INTERMEDIARIA", "FOLIO_MERCANTIL", "CALLE_FISCAL", "COLONIA_FISCAL", "NUM_INTERIOR_FISCAL", "CP_FISCAL", "MUNICIPIO_FISCAL", "ESTADO_FISCAL", "FISCAL_NUM_PAGO", 
            "ACTA_NUMERO", "ACTA_NOTARIA", "ACTA_FECHA", "ACTA_CIUDAD", "ACTA_ESTADO", "NUM_EXTERIOR_FISCAL", "TEL_CONTACTO", "RFC", "DOM_VIRTUALES", "ACCIONISTA", "POD_NOTA_PLEITOS_Y_COBRANZAS", "REP_LEG_PLEITOS_COBR", 
            "POD_NOTA_LAB", "REP_LEG_LAB", "ACTA_NOTARIO")
VALUES (1014,'ESTRUCTURAS SOLARES, S. DE R.L. DE C.V.','SOLAR',TRUE,1212,'4','TOLTECAS',12333,111111,'SZDXZSD','AGUASCALIENTES',12333,1,2,'2015-01-07','MEXICO','DF',1212,1234567890,'LAHA880516CV4','{"domVirtuales":[{ "idDomVirtual":0, "domVirtual": "MODERNA NO12 COLMIGUEL HIDALGO" }]}','{"accionistas":[{ "idAccionista":0, "nombreAccionista": "MARIO JUAREZ VENTURA" }]}','{"poderesNotLabPleiCob":[{ "idPoderesNotLabPleiCob":2, "numero": "13555" , "notaria": "2245556" , "notario": "alberto " }]}','{"representantesLegalesPleitosCobranzas":[{ "idRepLegPleiCob":0, "nombreRepLegPleiCob": "MARIO JUAREZ VENTURA" }]}','{"poderesNotLab":[{ "idPodNotLab":2, "numero": "125556" , "notaria": "15555" , "notario": "MARIANA" }]}','{"representantesLegalesLaborales":[{ "idRepLegLab":0, "nombreRepLegLab": "MARIO JUAREZ VENTURA" }]}','');

INSERT INTO "PATRONA"("ID_PATRONA", "RAZON_SOCIAL", "NOMBRE_CORTO", "ES_INTERMEDIARIA", "FOLIO_MERCANTIL", "CALLE_FISCAL", "COLONIA_FISCAL", "NUM_INTERIOR_FISCAL", "CP_FISCAL", "MUNICIPIO_FISCAL", "ESTADO_FISCAL", "FISCAL_NUM_PAGO", 
            "ACTA_NUMERO", "ACTA_NOTARIA", "ACTA_FECHA", "ACTA_CIUDAD", "ACTA_ESTADO", "NUM_EXTERIOR_FISCAL", "TEL_CONTACTO", "RFC", "DOM_VIRTUALES", "ACCIONISTA", "POD_NOTA_PLEITOS_Y_COBRANZAS", "REP_LEG_PLEITOS_COBR", 
            "POD_NOTA_LAB", "REP_LEG_LAB", "ACTA_NOTARIO")
VALUES (1015,'ESTRUCTURAS SOLARES, S. DE R.L. DE C.V.','SOLAR',TRUE,1212,'4','TOLTECAS',12333,111111,'SZDXZSD','AGUASCALIENTES',12333,1,2,'2015-01-07','MEXICO','DF',1212,1234567890,'LAHA880516CV4','{"domVirtuales":[{ "idDomVirtual":0, "domVirtual": "MODERNA NO12 COLMIGUEL HIDALGO" }]}','{"accionistas":[{ "idAccionista":0, "nombreAccionista": "MARIO JUAREZ VENTURA" }]}','{"poderesNotLabPleiCob":[{ "idPoderesNotLabPleiCob":2, "numero": "13555" , "notaria": "2245556" , "notario": "alberto " }]}','{"representantesLegalesPleitosCobranzas":[{ "idRepLegPleiCob":0, "nombreRepLegPleiCob": "MARIO JUAREZ VENTURA" }]}','{"poderesNotLab":[{ "idPodNotLab":2, "numero": "125556" , "notaria": "15555" , "notario": "MARIANA" }]}','{"representantesLegalesLaborales":[{ "idRepLegLab":0, "nombreRepLegLab": "MARIO JUAREZ VENTURA" }]}','');

 /****************************************TIPO_CALENDARIO********************************************************/
INSERT INTO "TIPO_CALENDARIO"("ID_CALENDARIO", "TIPO_CALENDARIO", "SIGLAS", "PR")VALUES (1001, 'SEMANAL', 'S', 'SEM');
INSERT INTO "TIPO_CALENDARIO"("ID_CALENDARIO", "TIPO_CALENDARIO", "SIGLAS", "PR")VALUES (1002, 'DIARIO', 'D', 'DIA');
INSERT INTO "TIPO_CALENDARIO"("ID_CALENDARIO", "TIPO_CALENDARIO", "SIGLAS", "PR")VALUES (1003, 'SEMANAL MARTES A LUNES', 'S', 'SEM');
INSERT INTO "TIPO_CALENDARIO"("ID_CALENDARIO", "TIPO_CALENDARIO", "SIGLAS", "PR")VALUES (1004, 'SEMANAL MIERCOLES A MARTES', 'S', 'SEM');
INSERT INTO "TIPO_CALENDARIO"("ID_CALENDARIO", "TIPO_CALENDARIO", "SIGLAS", "PR")VALUES (1005, 'SEMANAL JUEVES A MIERCOLES', 'S', 'SEM');

INSERT INTO "TIPO_CALENDARIO"("ID_CALENDARIO", "TIPO_CALENDARIO", "SIGLAS", "PR")VALUES (1006, 'SEMANAL', 'S', 'SEM');
INSERT INTO "TIPO_CALENDARIO"("ID_CALENDARIO", "TIPO_CALENDARIO", "SIGLAS", "PR")VALUES (1007, 'DIARIO', 'D', 'DIA');
INSERT INTO "TIPO_CALENDARIO"("ID_CALENDARIO", "TIPO_CALENDARIO", "SIGLAS", "PR")VALUES (1008, 'SEMANAL MARTES A LUNES', 'S', 'SEM');
INSERT INTO "TIPO_CALENDARIO"("ID_CALENDARIO", "TIPO_CALENDARIO", "SIGLAS", "PR")VALUES (1009, 'SEMANAL MIERCOLES A MARTES', 'S', 'SEM');
INSERT INTO "TIPO_CALENDARIO"("ID_CALENDARIO", "TIPO_CALENDARIO", "SIGLAS", "PR")VALUES (1010, 'SEMANAL JUEVES A MIERCOLES', 'S', 'SEM');

INSERT INTO "TIPO_CALENDARIO"("ID_CALENDARIO", "TIPO_CALENDARIO", "SIGLAS", "PR")VALUES (1011, 'SEMANAL', 'S', 'SEM');
INSERT INTO "TIPO_CALENDARIO"("ID_CALENDARIO", "TIPO_CALENDARIO", "SIGLAS", "PR")VALUES (1012, 'DIARIO', 'D', 'DIA');
INSERT INTO "TIPO_CALENDARIO"("ID_CALENDARIO", "TIPO_CALENDARIO", "SIGLAS", "PR")VALUES (1013, 'SEMANAL MARTES A LUNES', 'S', 'SEM');
INSERT INTO "TIPO_CALENDARIO"("ID_CALENDARIO", "TIPO_CALENDARIO", "SIGLAS", "PR")VALUES (1014, 'SEMANAL MIERCOLES A MARTES', 'S', 'SEM');
INSERT INTO "TIPO_CALENDARIO"("ID_CALENDARIO", "TIPO_CALENDARIO", "SIGLAS", "PR")VALUES (1015, 'SEMANAL JUEVES A MIERCOLES', 'S', 'SEM');

/****NOMINA******/
INSERT INTO "NOMINA"(
            "ID_NOMINA", "ID_PATRONA", "ID_INTERMEDIARIA", "ID_ESQUEMA", "ID_EJECUTIVO", "ID_CALENDARIO", "NOMBRE_CORTO", "PROVISION_AGUINALDO", "PROVISION_VACACIONES", "PROVISION_PRIMA_VACACIONAL", "DIAS_AGUINALDO", 
            "FONDO_AHORRO", "FACTURA_SUBSIDIO", "IVA_EXENTO", "RECONOCE_ANTIGUEDAD", "COMISION_COST_SOCIAL", "TIPO_PAGO", "CLASE_RIESGO", "REGISTRO_PATRONAL", "PERIODICIDAD", "TIPO_CALENDARIO", "PORC_PRIMA_VACACIONAL", "FECHA_CONTRATO")
    VALUES (1001,1001,1001,1001,1001,1001,'NOMINA',TRUE,TRUE,TRUE,5,TRUE,TRUE,TRUE,TRUE,TRUE,'NETO','CI','1212','Q','',12,'2015-01-16');

INSERT INTO "NOMINA"(
            "ID_NOMINA", "ID_PATRONA", "ID_INTERMEDIARIA", "ID_ESQUEMA", "ID_EJECUTIVO", "ID_CALENDARIO", "NOMBRE_CORTO", "PROVISION_AGUINALDO", "PROVISION_VACACIONES", "PROVISION_PRIMA_VACACIONAL", "DIAS_AGUINALDO", 
            "FONDO_AHORRO", "FACTURA_SUBSIDIO", "IVA_EXENTO", "RECONOCE_ANTIGUEDAD", "COMISION_COST_SOCIAL", "TIPO_PAGO", "CLASE_RIESGO", "REGISTRO_PATRONAL", "PERIODICIDAD", "TIPO_CALENDARIO", "PORC_PRIMA_VACACIONAL", "FECHA_CONTRATO")
    VALUES (1002,1002,1002,1002,1002,1002,'NOMINA',TRUE,TRUE,TRUE,5,TRUE,TRUE,TRUE,TRUE,TRUE,'NETO','CI','1212','Q','',12,'2015-01-16');

INSERT INTO "NOMINA"(
            "ID_NOMINA", "ID_PATRONA", "ID_INTERMEDIARIA", "ID_ESQUEMA", "ID_EJECUTIVO", "ID_CALENDARIO", "NOMBRE_CORTO", "PROVISION_AGUINALDO", "PROVISION_VACACIONES", "PROVISION_PRIMA_VACACIONAL", "DIAS_AGUINALDO", 
            "FONDO_AHORRO", "FACTURA_SUBSIDIO", "IVA_EXENTO", "RECONOCE_ANTIGUEDAD", "COMISION_COST_SOCIAL", "TIPO_PAGO", "CLASE_RIESGO", "REGISTRO_PATRONAL", "PERIODICIDAD", "TIPO_CALENDARIO", "PORC_PRIMA_VACACIONAL", "FECHA_CONTRATO")
    VALUES (1003,1003,1003,1003,1003,1003,'NOMINA',TRUE,TRUE,TRUE,5,TRUE,TRUE,TRUE,TRUE,TRUE,'NETO','CI','1212','Q','',12,'2015-01-16');

INSERT INTO "NOMINA"(
            "ID_NOMINA", "ID_PATRONA", "ID_INTERMEDIARIA", "ID_ESQUEMA", "ID_EJECUTIVO", "ID_CALENDARIO", "NOMBRE_CORTO", "PROVISION_AGUINALDO", "PROVISION_VACACIONES", "PROVISION_PRIMA_VACACIONAL", "DIAS_AGUINALDO", 
            "FONDO_AHORRO", "FACTURA_SUBSIDIO", "IVA_EXENTO", "RECONOCE_ANTIGUEDAD", "COMISION_COST_SOCIAL", "TIPO_PAGO", "CLASE_RIESGO", "REGISTRO_PATRONAL", "PERIODICIDAD", "TIPO_CALENDARIO", "PORC_PRIMA_VACACIONAL", "FECHA_CONTRATO")
    VALUES (1004,1004,1004,1004,1004,1004,'NOMINA',TRUE,TRUE,TRUE,5,TRUE,TRUE,TRUE,TRUE,TRUE,'NETO','CI','1212','Q','',12,'2015-01-16');

INSERT INTO "NOMINA"(
            "ID_NOMINA", "ID_PATRONA", "ID_INTERMEDIARIA", "ID_ESQUEMA", "ID_EJECUTIVO", "ID_CALENDARIO", "NOMBRE_CORTO", "PROVISION_AGUINALDO", "PROVISION_VACACIONES", "PROVISION_PRIMA_VACACIONAL", "DIAS_AGUINALDO", 
            "FONDO_AHORRO", "FACTURA_SUBSIDIO", "IVA_EXENTO", "RECONOCE_ANTIGUEDAD", "COMISION_COST_SOCIAL", "TIPO_PAGO", "CLASE_RIESGO", "REGISTRO_PATRONAL", "PERIODICIDAD", "TIPO_CALENDARIO", "PORC_PRIMA_VACACIONAL", "FECHA_CONTRATO")
    VALUES (1005,1005,1005,1005,1005,1005,'NOMINA',TRUE,TRUE,TRUE,5,TRUE,TRUE,TRUE,TRUE,TRUE,'NETO','CI','1212','Q','',12,'2015-01-16');

INSERT INTO "NOMINA"(
            "ID_NOMINA", "ID_PATRONA", "ID_INTERMEDIARIA", "ID_ESQUEMA", "ID_EJECUTIVO", "ID_CALENDARIO", "NOMBRE_CORTO", "PROVISION_AGUINALDO", "PROVISION_VACACIONES", "PROVISION_PRIMA_VACACIONAL", "DIAS_AGUINALDO", 
            "FONDO_AHORRO", "FACTURA_SUBSIDIO", "IVA_EXENTO", "RECONOCE_ANTIGUEDAD", "COMISION_COST_SOCIAL", "TIPO_PAGO", "CLASE_RIESGO", "REGISTRO_PATRONAL", "PERIODICIDAD", "TIPO_CALENDARIO", "PORC_PRIMA_VACACIONAL", "FECHA_CONTRATO")
    VALUES (1006,1006,1006,1006,1006,1006,'NOMINA',TRUE,TRUE,TRUE,5,TRUE,TRUE,TRUE,TRUE,TRUE,'NETO','CI','1212','Q','',12,'2015-01-16');
INSERT INTO "NOMINA"(
            "ID_NOMINA", "ID_PATRONA", "ID_INTERMEDIARIA", "ID_ESQUEMA", "ID_EJECUTIVO", "ID_CALENDARIO", "NOMBRE_CORTO", "PROVISION_AGUINALDO", "PROVISION_VACACIONES", "PROVISION_PRIMA_VACACIONAL", "DIAS_AGUINALDO", 
            "FONDO_AHORRO", "FACTURA_SUBSIDIO", "IVA_EXENTO", "RECONOCE_ANTIGUEDAD", "COMISION_COST_SOCIAL", "TIPO_PAGO", "CLASE_RIESGO", "REGISTRO_PATRONAL", "PERIODICIDAD", "TIPO_CALENDARIO", "PORC_PRIMA_VACACIONAL", "FECHA_CONTRATO")
    VALUES (1007,1007,1007,1007,1007,1007,'NOMINA',TRUE,TRUE,TRUE,5,TRUE,TRUE,TRUE,TRUE,TRUE,'NETO','CI','1212','Q','',12,'2015-01-16');
INSERT INTO "NOMINA"(
            "ID_NOMINA", "ID_PATRONA", "ID_INTERMEDIARIA", "ID_ESQUEMA", "ID_EJECUTIVO", "ID_CALENDARIO", "NOMBRE_CORTO", "PROVISION_AGUINALDO", "PROVISION_VACACIONES", "PROVISION_PRIMA_VACACIONAL", "DIAS_AGUINALDO", 
            "FONDO_AHORRO", "FACTURA_SUBSIDIO", "IVA_EXENTO", "RECONOCE_ANTIGUEDAD", "COMISION_COST_SOCIAL", "TIPO_PAGO", "CLASE_RIESGO", "REGISTRO_PATRONAL", "PERIODICIDAD", "TIPO_CALENDARIO", "PORC_PRIMA_VACACIONAL", "FECHA_CONTRATO")
    VALUES (1008,1008,1008,1008,1008,1008,'NOMINA',TRUE,TRUE,TRUE,5,TRUE,TRUE,TRUE,TRUE,TRUE,'NETO','CI','1212','Q','',12,'2015-01-16');
INSERT INTO "NOMINA"(
            "ID_NOMINA", "ID_PATRONA", "ID_INTERMEDIARIA", "ID_ESQUEMA", "ID_EJECUTIVO", "ID_CALENDARIO", "NOMBRE_CORTO", "PROVISION_AGUINALDO", "PROVISION_VACACIONES", "PROVISION_PRIMA_VACACIONAL", "DIAS_AGUINALDO", 
            "FONDO_AHORRO", "FACTURA_SUBSIDIO", "IVA_EXENTO", "RECONOCE_ANTIGUEDAD", "COMISION_COST_SOCIAL", "TIPO_PAGO", "CLASE_RIESGO", "REGISTRO_PATRONAL", "PERIODICIDAD", "TIPO_CALENDARIO", "PORC_PRIMA_VACACIONAL", "FECHA_CONTRATO")
    VALUES (1009,1009,1009,1009,1009,1009,'NOMINA',TRUE,TRUE,TRUE,5,TRUE,TRUE,TRUE,TRUE,TRUE,'NETO','CI','1212','Q','',12,'2015-01-16');
INSERT INTO "NOMINA"(
            "ID_NOMINA", "ID_PATRONA", "ID_INTERMEDIARIA", "ID_ESQUEMA", "ID_EJECUTIVO", "ID_CALENDARIO", "NOMBRE_CORTO", "PROVISION_AGUINALDO", "PROVISION_VACACIONES", "PROVISION_PRIMA_VACACIONAL", "DIAS_AGUINALDO", 
            "FONDO_AHORRO", "FACTURA_SUBSIDIO", "IVA_EXENTO", "RECONOCE_ANTIGUEDAD", "COMISION_COST_SOCIAL", "TIPO_PAGO", "CLASE_RIESGO", "REGISTRO_PATRONAL", "PERIODICIDAD", "TIPO_CALENDARIO", "PORC_PRIMA_VACACIONAL", "FECHA_CONTRATO")
    VALUES (1010,1010,1010,1010,1010,1010,'NOMINA',TRUE,TRUE,TRUE,5,TRUE,TRUE,TRUE,TRUE,TRUE,'NETO','CI','1212','Q','',12,'2015-01-16');

INSERT INTO "NOMINA"(
            "ID_NOMINA", "ID_PATRONA", "ID_INTERMEDIARIA", "ID_ESQUEMA", "ID_EJECUTIVO", "ID_CALENDARIO", "NOMBRE_CORTO", "PROVISION_AGUINALDO", "PROVISION_VACACIONES", "PROVISION_PRIMA_VACACIONAL", "DIAS_AGUINALDO", 
            "FONDO_AHORRO", "FACTURA_SUBSIDIO", "IVA_EXENTO", "RECONOCE_ANTIGUEDAD", "COMISION_COST_SOCIAL", "TIPO_PAGO", "CLASE_RIESGO", "REGISTRO_PATRONAL", "PERIODICIDAD", "TIPO_CALENDARIO", "PORC_PRIMA_VACACIONAL", "FECHA_CONTRATO")
    VALUES (1011,1011,1011,1011,1011,1011,'NOMINA',TRUE,TRUE,TRUE,5,TRUE,TRUE,TRUE,TRUE,TRUE,'NETO','CI','1212','Q','',12,'2015-01-16');
INSERT INTO "NOMINA"(
            "ID_NOMINA", "ID_PATRONA", "ID_INTERMEDIARIA", "ID_ESQUEMA", "ID_EJECUTIVO", "ID_CALENDARIO", "NOMBRE_CORTO", "PROVISION_AGUINALDO", "PROVISION_VACACIONES", "PROVISION_PRIMA_VACACIONAL", "DIAS_AGUINALDO", 
            "FONDO_AHORRO", "FACTURA_SUBSIDIO", "IVA_EXENTO", "RECONOCE_ANTIGUEDAD", "COMISION_COST_SOCIAL", "TIPO_PAGO", "CLASE_RIESGO", "REGISTRO_PATRONAL", "PERIODICIDAD", "TIPO_CALENDARIO", "PORC_PRIMA_VACACIONAL", "FECHA_CONTRATO")
    VALUES (1012,1012,1012,1012,1012,1012,'NOMINA',TRUE,TRUE,TRUE,5,TRUE,TRUE,TRUE,TRUE,TRUE,'NETO','CI','1212','Q','',12,'2015-01-16');
INSERT INTO "NOMINA"(
            "ID_NOMINA", "ID_PATRONA", "ID_INTERMEDIARIA", "ID_ESQUEMA", "ID_EJECUTIVO", "ID_CALENDARIO", "NOMBRE_CORTO", "PROVISION_AGUINALDO", "PROVISION_VACACIONES", "PROVISION_PRIMA_VACACIONAL", "DIAS_AGUINALDO", 
            "FONDO_AHORRO", "FACTURA_SUBSIDIO", "IVA_EXENTO", "RECONOCE_ANTIGUEDAD", "COMISION_COST_SOCIAL", "TIPO_PAGO", "CLASE_RIESGO", "REGISTRO_PATRONAL", "PERIODICIDAD", "TIPO_CALENDARIO", "PORC_PRIMA_VACACIONAL", "FECHA_CONTRATO")
    VALUES (1013,1013,1013,1013,1013,1013,'NOMINA',TRUE,TRUE,TRUE,5,TRUE,TRUE,TRUE,TRUE,TRUE,'NETO','CI','1212','Q','',12,'2015-01-16');
INSERT INTO "NOMINA"(
            "ID_NOMINA", "ID_PATRONA", "ID_INTERMEDIARIA", "ID_ESQUEMA", "ID_EJECUTIVO", "ID_CALENDARIO", "NOMBRE_CORTO", "PROVISION_AGUINALDO", "PROVISION_VACACIONES", "PROVISION_PRIMA_VACACIONAL", "DIAS_AGUINALDO", 
            "FONDO_AHORRO", "FACTURA_SUBSIDIO", "IVA_EXENTO", "RECONOCE_ANTIGUEDAD", "COMISION_COST_SOCIAL", "TIPO_PAGO", "CLASE_RIESGO", "REGISTRO_PATRONAL", "PERIODICIDAD", "TIPO_CALENDARIO", "PORC_PRIMA_VACACIONAL", "FECHA_CONTRATO")
    VALUES (1014,1014,1014,1014,1014,1014,'NOMINA',TRUE,TRUE,TRUE,5,TRUE,TRUE,TRUE,TRUE,TRUE,'NETO','CI','1212','Q','',12,'2015-01-16');
INSERT INTO "NOMINA"(
            "ID_NOMINA", "ID_PATRONA", "ID_INTERMEDIARIA", "ID_ESQUEMA", "ID_EJECUTIVO", "ID_CALENDARIO", "NOMBRE_CORTO", "PROVISION_AGUINALDO", "PROVISION_VACACIONES", "PROVISION_PRIMA_VACACIONAL", "DIAS_AGUINALDO", 
            "FONDO_AHORRO", "FACTURA_SUBSIDIO", "IVA_EXENTO", "RECONOCE_ANTIGUEDAD", "COMISION_COST_SOCIAL", "TIPO_PAGO", "CLASE_RIESGO", "REGISTRO_PATRONAL", "PERIODICIDAD", "TIPO_CALENDARIO", "PORC_PRIMA_VACACIONAL", "FECHA_CONTRATO")
    VALUES (1015,1015,1015,1015,1015,1015,'NOMINA',TRUE,TRUE,TRUE,5,TRUE,TRUE,TRUE,TRUE,TRUE,'NETO','CI','1212','Q','',12,'2015-01-16');


/***********************************************EMPLEADO NOMINA****************************************************************************************************/

INSERT INTO "EMPLEADO_NOMINA"("ID_NOMINA", "ID_EMPLEADO", "FECHA_INGRESO", "ESTATUS", "TIPO_SALARIO","FECHA_BAJA", "LOTE_MOV_IMSS_ALTA2", "FECHA_VENCIMIENTO", "SUELDO_MENSUAL", 
            "SALARIO_DIARIO_INT", "PLAZA_TRABAJO", "OTRO_PATRON", "RFC_OTRO_PATRON", "NOMBRE_OTRO_PATRON", "PERMANENCIA", "CALLE", "NUM_EXTERIOR", "NUM_INTERIOR", "COLONIA", "MUNICIPIO_DEL", "ENT_FEDERATIVA", 
            "LOTE_MOV_IMSS_BAJA", "APLICA_FINIQUITO", "MONTO_FINIQUITO", "LOTE_MOV_IMSS_ALTA", "NUMERO_TRABAJADOR_CLIENTE", "CODIGO_POSTAL", "ID_PUESTO", "ID_DEPARTAMENTO", "ID_AREA", "ID_PROCESO")
VALUES (1001, 1001,'2012-01-05', 'BAJA', 'MENSUAL','2015-02-13',123455,'2015-06-10',20000,750.2,'PLAZA2',FALSE,'LAHA880516CV1','FERNANDO NAJERA GONZALEZ',FALSE,'4','175','305','TOLTECAS','ALVARO OBREGON','DF',1234,FALSE,0,'12345','123','12345',1001,1001,1001,1001);

INSERT INTO "EMPLEADO_NOMINA"("ID_NOMINA", "ID_EMPLEADO", "FECHA_INGRESO", "ESTATUS", "TIPO_SALARIO","FECHA_BAJA", "LOTE_MOV_IMSS_ALTA2", "FECHA_VENCIMIENTO", "SUELDO_MENSUAL", 
            "SALARIO_DIARIO_INT", "PLAZA_TRABAJO", "OTRO_PATRON", "RFC_OTRO_PATRON", "NOMBRE_OTRO_PATRON", "PERMANENCIA", "CALLE", "NUM_EXTERIOR", "NUM_INTERIOR", "COLONIA", "MUNICIPIO_DEL", "ENT_FEDERATIVA", 
            "LOTE_MOV_IMSS_BAJA", "APLICA_FINIQUITO", "MONTO_FINIQUITO", "LOTE_MOV_IMSS_ALTA", "NUMERO_TRABAJADOR_CLIENTE", "CODIGO_POSTAL", "ID_PUESTO", "ID_DEPARTAMENTO", "ID_AREA", "ID_PROCESO")
VALUES (1002, 1002,'2012-01-05', 'BAJA', 'MENSUAL','2015-02-13',123455,'2015-06-10',20000,750.2,'PLAZA2',FALSE,'LAHA880516CV1','GRADOS LEON LUIS MIGUEL',FALSE,'4','175','305','TOLTECAS','ALVARO OBREGON','DF',1234,FALSE,0,'12345','123','12345',1002,1002,1002,1002);
INSERT INTO "EMPLEADO_NOMINA"("ID_NOMINA", "ID_EMPLEADO", "FECHA_INGRESO", "ESTATUS", "TIPO_SALARIO","FECHA_BAJA", "LOTE_MOV_IMSS_ALTA2", "FECHA_VENCIMIENTO", "SUELDO_MENSUAL", 
            "SALARIO_DIARIO_INT", "PLAZA_TRABAJO", "OTRO_PATRON", "RFC_OTRO_PATRON", "NOMBRE_OTRO_PATRON", "PERMANENCIA", "CALLE", "NUM_EXTERIOR", "NUM_INTERIOR", "COLONIA", "MUNICIPIO_DEL", "ENT_FEDERATIVA", 
            "LOTE_MOV_IMSS_BAJA", "APLICA_FINIQUITO", "MONTO_FINIQUITO", "LOTE_MOV_IMSS_ALTA", "NUMERO_TRABAJADOR_CLIENTE", "CODIGO_POSTAL", "ID_PUESTO", "ID_DEPARTAMENTO", "ID_AREA", "ID_PROCESO")
VALUES (1003, 1003,'2012-01-05', 'BAJA', 'MENSUAL','2015-02-13',123455,'2015-06-10',20000,750.2,'PLAZA2',FALSE,'LAHA880516CV1','CORTES LOPEZ ERIKA DE GUADALUPE',FALSE,'4','175','305','TOLTECAS','ALVARO OBREGON','DF',1234,FALSE,0,'12345','123','12345',1003,1003,1003,1003);
INSERT INTO "EMPLEADO_NOMINA"("ID_NOMINA", "ID_EMPLEADO", "FECHA_INGRESO", "ESTATUS", "TIPO_SALARIO","FECHA_BAJA", "LOTE_MOV_IMSS_ALTA2", "FECHA_VENCIMIENTO", "SUELDO_MENSUAL", 
            "SALARIO_DIARIO_INT", "PLAZA_TRABAJO", "OTRO_PATRON", "RFC_OTRO_PATRON", "NOMBRE_OTRO_PATRON", "PERMANENCIA", "CALLE", "NUM_EXTERIOR", "NUM_INTERIOR", "COLONIA", "MUNICIPIO_DEL", "ENT_FEDERATIVA", 
            "LOTE_MOV_IMSS_BAJA", "APLICA_FINIQUITO", "MONTO_FINIQUITO", "LOTE_MOV_IMSS_ALTA", "NUMERO_TRABAJADOR_CLIENTE", "CODIGO_POSTAL", "ID_PUESTO", "ID_DEPARTAMENTO", "ID_AREA", "ID_PROCESO")
VALUES (1004, 1004,'2012-01-05', 'BAJA', 'MENSUAL','2015-02-13',123455,'2015-06-10',20000,750.2,'PLAZA2',FALSE,'LAHA880516CV1','BRAVO TORREBLANCA JOSE ARTURO',FALSE,'4','175','305','TOLTECAS','ALVARO OBREGON','DF',1234,FALSE,0,'12345','123','12345',1004,1004,1004,1004);
INSERT INTO "EMPLEADO_NOMINA"("ID_NOMINA", "ID_EMPLEADO", "FECHA_INGRESO", "ESTATUS", "TIPO_SALARIO","FECHA_BAJA", "LOTE_MOV_IMSS_ALTA2", "FECHA_VENCIMIENTO", "SUELDO_MENSUAL", 
            "SALARIO_DIARIO_INT", "PLAZA_TRABAJO", "OTRO_PATRON", "RFC_OTRO_PATRON", "NOMBRE_OTRO_PATRON", "PERMANENCIA", "CALLE", "NUM_EXTERIOR", "NUM_INTERIOR", "COLONIA", "MUNICIPIO_DEL", "ENT_FEDERATIVA", 
            "LOTE_MOV_IMSS_BAJA", "APLICA_FINIQUITO", "MONTO_FINIQUITO", "LOTE_MOV_IMSS_ALTA", "NUMERO_TRABAJADOR_CLIENTE", "CODIGO_POSTAL", "ID_PUESTO", "ID_DEPARTAMENTO", "ID_AREA", "ID_PROCESO")
VALUES (1005, 1005,'2012-01-05', 'BAJA', 'MENSUAL','2015-02-13',123455,'2015-06-10',20000,750.2,'PLAZA2',FALSE,'LAHA880516CV1','COLIN GUERRERO HUMBERTO',FALSE,'4','175','305','TOLTECAS','ALVARO OBREGON','DF',1234,FALSE,0,'12345','123','12345',1005,1005,1005,1005);


INSERT INTO "EMPLEADO_NOMINA"("ID_NOMINA", "ID_EMPLEADO", "FECHA_INGRESO", "ESTATUS", "TIPO_SALARIO","FECHA_BAJA", "LOTE_MOV_IMSS_ALTA2", "FECHA_VENCIMIENTO", "SUELDO_MENSUAL", 
            "SALARIO_DIARIO_INT", "PLAZA_TRABAJO", "OTRO_PATRON", "RFC_OTRO_PATRON", "NOMBRE_OTRO_PATRON", "PERMANENCIA", "CALLE", "NUM_EXTERIOR", "NUM_INTERIOR", "COLONIA", "MUNICIPIO_DEL", "ENT_FEDERATIVA", 
            "LOTE_MOV_IMSS_BAJA", "APLICA_FINIQUITO", "MONTO_FINIQUITO", "LOTE_MOV_IMSS_ALTA", "NUMERO_TRABAJADOR_CLIENTE", "CODIGO_POSTAL", "ID_PUESTO", "ID_DEPARTAMENTO", "ID_AREA", "ID_PROCESO")
VALUES (1006, 1006,'2012-01-05', 'BAJA', 'MENSUAL','2015-02-13',123455,'2015-06-10',20000,750.2,'PLAZA2',FALSE,'LAHA880516CV1','VEGA LOPEZ MARIA DEL PILAR',FALSE,'4','175','305','TOLTECAS','ALVARO OBREGON','DF',1234,FALSE,0,'12345','123','12345',1006,1006,1006,1006);
INSERT INTO "EMPLEADO_NOMINA"("ID_NOMINA", "ID_EMPLEADO", "FECHA_INGRESO", "ESTATUS", "TIPO_SALARIO","FECHA_BAJA", "LOTE_MOV_IMSS_ALTA2", "FECHA_VENCIMIENTO", "SUELDO_MENSUAL", 
            "SALARIO_DIARIO_INT", "PLAZA_TRABAJO", "OTRO_PATRON", "RFC_OTRO_PATRON", "NOMBRE_OTRO_PATRON", "PERMANENCIA", "CALLE", "NUM_EXTERIOR", "NUM_INTERIOR", "COLONIA", "MUNICIPIO_DEL", "ENT_FEDERATIVA", 
            "LOTE_MOV_IMSS_BAJA", "APLICA_FINIQUITO", "MONTO_FINIQUITO", "LOTE_MOV_IMSS_ALTA", "NUMERO_TRABAJADOR_CLIENTE", "CODIGO_POSTAL", "ID_PUESTO", "ID_DEPARTAMENTO", "ID_AREA", "ID_PROCESO")
VALUES (1007, 1007,'2012-01-05', 'BAJA', 'MENSUAL','2015-02-13',123455,'2015-06-10',20000,750.2,'PLAZA2',FALSE,'LAHA880516CV1','LARA MENDEZ MONICA',FALSE,'4','175','305','TOLTECAS','ALVARO OBREGON','DF',1234,FALSE,0,'12345','123','12345',1007,1007,1007,1007);
INSERT INTO "EMPLEADO_NOMINA"("ID_NOMINA", "ID_EMPLEADO", "FECHA_INGRESO", "ESTATUS", "TIPO_SALARIO","FECHA_BAJA", "LOTE_MOV_IMSS_ALTA2", "FECHA_VENCIMIENTO", "SUELDO_MENSUAL", 
            "SALARIO_DIARIO_INT", "PLAZA_TRABAJO", "OTRO_PATRON", "RFC_OTRO_PATRON", "NOMBRE_OTRO_PATRON", "PERMANENCIA", "CALLE", "NUM_EXTERIOR", "NUM_INTERIOR", "COLONIA", "MUNICIPIO_DEL", "ENT_FEDERATIVA", 
            "LOTE_MOV_IMSS_BAJA", "APLICA_FINIQUITO", "MONTO_FINIQUITO", "LOTE_MOV_IMSS_ALTA", "NUMERO_TRABAJADOR_CLIENTE", "CODIGO_POSTAL", "ID_PUESTO", "ID_DEPARTAMENTO", "ID_AREA", "ID_PROCESO")
VALUES (1008, 1008,'2012-01-05', 'BAJA', 'MENSUAL','2015-02-13',123455,'2015-06-10',20000,750.2,'PLAZA2',FALSE,'LAHA880516CV1','SEYDE FUENTES MARIA GUADALUPE ELIZABETH',FALSE,'4','175','305','TOLTECAS','ALVARO OBREGON','DF',1234,FALSE,0,'12345','123','12345',1008,1008,1008,1008);
INSERT INTO "EMPLEADO_NOMINA"("ID_NOMINA", "ID_EMPLEADO", "FECHA_INGRESO", "ESTATUS", "TIPO_SALARIO","FECHA_BAJA", "LOTE_MOV_IMSS_ALTA2", "FECHA_VENCIMIENTO", "SUELDO_MENSUAL", 
            "SALARIO_DIARIO_INT", "PLAZA_TRABAJO", "OTRO_PATRON", "RFC_OTRO_PATRON", "NOMBRE_OTRO_PATRON", "PERMANENCIA", "CALLE", "NUM_EXTERIOR", "NUM_INTERIOR", "COLONIA", "MUNICIPIO_DEL", "ENT_FEDERATIVA", 
            "LOTE_MOV_IMSS_BAJA", "APLICA_FINIQUITO", "MONTO_FINIQUITO", "LOTE_MOV_IMSS_ALTA", "NUMERO_TRABAJADOR_CLIENTE", "CODIGO_POSTAL", "ID_PUESTO", "ID_DEPARTAMENTO", "ID_AREA", "ID_PROCESO")
VALUES (1009, 1009,'2012-01-05', 'BAJA', 'MENSUAL','2015-02-13',123455,'2015-06-10',20000,750.2,'PLAZA2',FALSE,'LAHA880516CV1','BARRAGAN JACOME ANA ISABEL',FALSE,'4','175','305','TOLTECAS','ALVARO OBREGON','DF',1234,FALSE,0,'12345','123','12345',1009,1009,1009,1009);
INSERT INTO "EMPLEADO_NOMINA"("ID_NOMINA", "ID_EMPLEADO", "FECHA_INGRESO", "ESTATUS", "TIPO_SALARIO","FECHA_BAJA", "LOTE_MOV_IMSS_ALTA2", "FECHA_VENCIMIENTO", "SUELDO_MENSUAL", 
            "SALARIO_DIARIO_INT", "PLAZA_TRABAJO", "OTRO_PATRON", "RFC_OTRO_PATRON", "NOMBRE_OTRO_PATRON", "PERMANENCIA", "CALLE", "NUM_EXTERIOR", "NUM_INTERIOR", "COLONIA", "MUNICIPIO_DEL", "ENT_FEDERATIVA", 
            "LOTE_MOV_IMSS_BAJA", "APLICA_FINIQUITO", "MONTO_FINIQUITO", "LOTE_MOV_IMSS_ALTA", "NUMERO_TRABAJADOR_CLIENTE", "CODIGO_POSTAL", "ID_PUESTO", "ID_DEPARTAMENTO", "ID_AREA", "ID_PROCESO")
VALUES (1010, 1010,'2012-01-05', 'BAJA', 'MENSUAL','2015-02-13',123455,'2015-06-10',20000,750.2,'PLAZA2',FALSE,'LAHA880516CV1','SILVA CINTORA MIGUEL ANGEL',FALSE,'4','175','305','TOLTECAS','ALVARO OBREGON','DF',1234,FALSE,0,'12345','123','12345',1010,1010,1010,1010);

INSERT INTO "EMPLEADO_NOMINA"("ID_NOMINA", "ID_EMPLEADO", "FECHA_INGRESO", "ESTATUS", "TIPO_SALARIO","FECHA_BAJA", "LOTE_MOV_IMSS_ALTA2", "FECHA_VENCIMIENTO", "SUELDO_MENSUAL", 
            "SALARIO_DIARIO_INT", "PLAZA_TRABAJO", "OTRO_PATRON", "RFC_OTRO_PATRON", "NOMBRE_OTRO_PATRON", "PERMANENCIA", "CALLE", "NUM_EXTERIOR", "NUM_INTERIOR", "COLONIA", "MUNICIPIO_DEL", "ENT_FEDERATIVA", 
            "LOTE_MOV_IMSS_BAJA", "APLICA_FINIQUITO", "MONTO_FINIQUITO", "LOTE_MOV_IMSS_ALTA", "NUMERO_TRABAJADOR_CLIENTE", "CODIGO_POSTAL", "ID_PUESTO", "ID_DEPARTAMENTO", "ID_AREA", "ID_PROCESO")
VALUES (1011, 1011,'2012-01-05', 'BAJA', 'MENSUAL','2015-02-13',123455,'2015-06-10',20000,750.2,'PLAZA2',FALSE,'LAHA880516CV1','PEREZ CORDOBA ALDO',FALSE,'4','175','305','TOLTECAS','ALVARO OBREGON','DF',1234,FALSE,0,'12345','123','12345',1011,1011,1011,1011);
INSERT INTO "EMPLEADO_NOMINA"("ID_NOMINA", "ID_EMPLEADO", "FECHA_INGRESO", "ESTATUS", "TIPO_SALARIO","FECHA_BAJA", "LOTE_MOV_IMSS_ALTA2", "FECHA_VENCIMIENTO", "SUELDO_MENSUAL", 
            "SALARIO_DIARIO_INT", "PLAZA_TRABAJO", "OTRO_PATRON", "RFC_OTRO_PATRON", "NOMBRE_OTRO_PATRON", "PERMANENCIA", "CALLE", "NUM_EXTERIOR", "NUM_INTERIOR", "COLONIA", "MUNICIPIO_DEL", "ENT_FEDERATIVA", 
            "LOTE_MOV_IMSS_BAJA", "APLICA_FINIQUITO", "MONTO_FINIQUITO", "LOTE_MOV_IMSS_ALTA", "NUMERO_TRABAJADOR_CLIENTE", "CODIGO_POSTAL", "ID_PUESTO", "ID_DEPARTAMENTO", "ID_AREA", "ID_PROCESO")
VALUES (1012, 1012,'2012-01-05', 'BAJA', 'MENSUAL','2015-02-13',123455,'2015-06-10',20000,750.2,'PLAZA2',FALSE,'LAHA880516CV1','GRADOS CABALLEROS LUIS ALEJANDRO',FALSE,'4','175','305','TOLTECAS','ALVARO OBREGON','DF',1234,FALSE,0,'12345','123','12345',1012,1012,1012,1012);
INSERT INTO "EMPLEADO_NOMINA"("ID_NOMINA", "ID_EMPLEADO", "FECHA_INGRESO", "ESTATUS", "TIPO_SALARIO","FECHA_BAJA", "LOTE_MOV_IMSS_ALTA2", "FECHA_VENCIMIENTO", "SUELDO_MENSUAL", 
            "SALARIO_DIARIO_INT", "PLAZA_TRABAJO", "OTRO_PATRON", "RFC_OTRO_PATRON", "NOMBRE_OTRO_PATRON", "PERMANENCIA", "CALLE", "NUM_EXTERIOR", "NUM_INTERIOR", "COLONIA", "MUNICIPIO_DEL", "ENT_FEDERATIVA", 
            "LOTE_MOV_IMSS_BAJA", "APLICA_FINIQUITO", "MONTO_FINIQUITO", "LOTE_MOV_IMSS_ALTA", "NUMERO_TRABAJADOR_CLIENTE", "CODIGO_POSTAL", "ID_PUESTO", "ID_DEPARTAMENTO", "ID_AREA", "ID_PROCESO")
VALUES (1013, 1012,'2012-01-05', 'BAJA', 'MENSUAL','2015-02-13',123455,'2015-06-10',20000,750.2,'PLAZA2',FALSE,'LAHA880516CV1','BRAVO TORREBLANCA JOSE ARTURO',FALSE,'4','175','305','TOLTECAS','ALVARO OBREGON','DF',1234,FALSE,0,'12345','123','12345',1013,1013,1013,1013);
INSERT INTO "EMPLEADO_NOMINA"("ID_NOMINA", "ID_EMPLEADO", "FECHA_INGRESO", "ESTATUS", "TIPO_SALARIO","FECHA_BAJA", "LOTE_MOV_IMSS_ALTA2", "FECHA_VENCIMIENTO", "SUELDO_MENSUAL", 
            "SALARIO_DIARIO_INT", "PLAZA_TRABAJO", "OTRO_PATRON", "RFC_OTRO_PATRON", "NOMBRE_OTRO_PATRON", "PERMANENCIA", "CALLE", "NUM_EXTERIOR", "NUM_INTERIOR", "COLONIA", "MUNICIPIO_DEL", "ENT_FEDERATIVA", 
            "LOTE_MOV_IMSS_BAJA", "APLICA_FINIQUITO", "MONTO_FINIQUITO", "LOTE_MOV_IMSS_ALTA", "NUMERO_TRABAJADOR_CLIENTE", "CODIGO_POSTAL", "ID_PUESTO", "ID_DEPARTAMENTO", "ID_AREA", "ID_PROCESO")
VALUES (1014, 1014,'2012-01-05', 'BAJA', 'MENSUAL','2015-02-13',123455,'2015-06-10',20000,750.2,'PLAZA2',FALSE,'LAHA880516CV1','COLIN GUERRERO HUMBERTO',FALSE,'4','175','305','TOLTECAS','ALVARO OBREGON','DF',1234,FALSE,0,'12345','123','12345',1014,1014,1014,1014);
INSERT INTO "EMPLEADO_NOMINA"("ID_NOMINA", "ID_EMPLEADO", "FECHA_INGRESO", "ESTATUS", "TIPO_SALARIO","FECHA_BAJA", "LOTE_MOV_IMSS_ALTA2", "FECHA_VENCIMIENTO", "SUELDO_MENSUAL", 
            "SALARIO_DIARIO_INT", "PLAZA_TRABAJO", "OTRO_PATRON", "RFC_OTRO_PATRON", "NOMBRE_OTRO_PATRON", "PERMANENCIA", "CALLE", "NUM_EXTERIOR", "NUM_INTERIOR", "COLONIA", "MUNICIPIO_DEL", "ENT_FEDERATIVA", 
            "LOTE_MOV_IMSS_BAJA", "APLICA_FINIQUITO", "MONTO_FINIQUITO", "LOTE_MOV_IMSS_ALTA", "NUMERO_TRABAJADOR_CLIENTE", "CODIGO_POSTAL", "ID_PUESTO", "ID_DEPARTAMENTO", "ID_AREA", "ID_PROCESO")
VALUES (1015, 10015,'2012-01-05', 'BAJA', 'MENSUAL','2015-02-13',123455,'2015-06-10',20000,750.2,'PLAZA2',FALSE,'LAHA880516CV1','CORTES LOPEZ ERIKA DE GUADALUPE',FALSE,'4','175','305','TOLTECAS','ALVARO OBREGON','DF',1234,FALSE,0,'12345','123','12345',1015,1015,1015,1015);


/******************************************************************RAZON_SOCIAL**********************************/
INSERT INTO "RAZON_SOCIAL"("ID_RAZON_SOCIAL", "ID_GRUPO", "NOMBRE_RAZON_SOCIAL", "RFC", "NOMBRE_CORTO_RAZON_S", "COD_CLIENTE", "COMISION", "ACT_CONSTITUTIVA", "FECHA_ACT_CONSTITUTIVA", "FECHA_INICIO_OPERACION", "PATERNO_REPRESENTANTE", 
            "MATERNO_REPRESENTANTE", "NOMBRES_REPRESENTANTE", "CALLE_FISCAL", "COLONIA_FISCAL", "NUM_EXTERIOR_FISCAL", "NUM_INTERIOR_FISCAL", "CP_FISCAL", "MUNICIPIO_FISCAL", "ESTADO_FISCAL", "CONTACTO1_NOMBRE", 
            "CONTACTO1_TELEFONO", "CONTACTO1_CORREO", "CONTACTO2_NOMBRE", "CONTACTO2_TELEFONO", "CONTACTO2_CORREO", "CONTACTO3_NOMBRE", "CONTACTO3_TELEFONO", "CONTACTO3_CORREO", "REFERENCIANTES", "OBJETO_SOCIAL", 
            "REGISTRO_PUBLICO_PROPIEDAD", "FECHA_REGISTRO_PUBLICO_PROPIEDAD")
VALUES (1001,1001,'SUBURBIA S. DE R.L. DE C.V','SUB910603SB3','SUBURBIA','102',12.03,1234567,'2003-11-05','2004-02-06','TERAN', 'OSORNO', 'JULIO CESAR','M. ÁVILA CAMACHO','PERIODISTA','647','647',11220,'MIGUEL HIDALGO','D.F','RAMIRO GARCIA GUZMAN','5514111012','RAMIRO@GMAIL.COM','MARTHA LARA VEGA','5521224033','MARTHA@GMAIL.COM','MARCELA','5528312400','MARCE@HOTMAIL.COM','{"referenciantes":[{ "idReferenciante":0, "nombreReferenciante": "FERNANDO RAMIREZ VEGA" }]}','PRUEBA DE OBJETO SOCIAL','1212ASAS','2015-03-16');
INSERT INTO "RAZON_SOCIAL"("ID_RAZON_SOCIAL", "ID_GRUPO", "NOMBRE_RAZON_SOCIAL", "RFC", "NOMBRE_CORTO_RAZON_S", "COD_CLIENTE", "COMISION", "ACT_CONSTITUTIVA", "FECHA_ACT_CONSTITUTIVA", "FECHA_INICIO_OPERACION", "PATERNO_REPRESENTANTE", 
            "MATERNO_REPRESENTANTE", "NOMBRES_REPRESENTANTE", "CALLE_FISCAL", "COLONIA_FISCAL", "NUM_EXTERIOR_FISCAL", "NUM_INTERIOR_FISCAL", "CP_FISCAL", "MUNICIPIO_FISCAL", "ESTADO_FISCAL", "CONTACTO1_NOMBRE", 
            "CONTACTO1_TELEFONO", "CONTACTO1_CORREO", "CONTACTO2_NOMBRE", "CONTACTO2_TELEFONO", "CONTACTO2_CORREO", "CONTACTO3_NOMBRE", "CONTACTO3_TELEFONO", "CONTACTO3_CORREO", "REFERENCIANTES", "OBJETO_SOCIAL", 
            "REGISTRO_PUBLICO_PROPIEDAD", "FECHA_REGISTRO_PUBLICO_PROPIEDAD")
VALUES (1002,1002,'LIVERPOOL SA DE CV','DLI931201MI9','LIVERPOOL','102',12.03,1234567,'2003-11-05','2004-02-06','GUTIERREZ', 'CARMONA', 'DALIA','M. ÁVILA CAMACHO','PERIODISTA','647','647',11220,'MIGUEL HIDALGO','D.F','RAMIRO GARCIA GUZMAN','5514111012','RAMIRO@GMAIL.COM','MARTHA LARA VEGA','5521224033','MARTHA@GMAIL.COM','MARCELA','5528312400','MARCE@HOTMAIL.COM','{"referenciantes":[{ "idReferenciante":0, "nombreReferenciante": "FERNANDO RAMIREZ VEGA" }]}','PRUEBA DE OBJETO SOCIAL','1212ASAS','2015-03-16');
INSERT INTO "RAZON_SOCIAL"("ID_RAZON_SOCIAL", "ID_GRUPO", "NOMBRE_RAZON_SOCIAL", "RFC", "NOMBRE_CORTO_RAZON_S", "COD_CLIENTE", "COMISION", "ACT_CONSTITUTIVA", "FECHA_ACT_CONSTITUTIVA", "FECHA_INICIO_OPERACION", "PATERNO_REPRESENTANTE", 
            "MATERNO_REPRESENTANTE", "NOMBRES_REPRESENTANTE", "CALLE_FISCAL", "COLONIA_FISCAL", "NUM_EXTERIOR_FISCAL", "NUM_INTERIOR_FISCAL", "CP_FISCAL", "MUNICIPIO_FISCAL", "ESTADO_FISCAL", "CONTACTO1_NOMBRE", 
            "CONTACTO1_TELEFONO", "CONTACTO1_CORREO", "CONTACTO2_NOMBRE", "CONTACTO2_TELEFONO", "CONTACTO2_CORREO", "CONTACTO3_NOMBRE", "CONTACTO3_TELEFONO", "CONTACTO3_CORREO", "REFERENCIANTES", "OBJETO_SOCIAL", 
            "REGISTRO_PUBLICO_PROPIEDAD", "FECHA_REGISTRO_PUBLICO_PROPIEDAD")
VALUES (1003,1003,'BODEGA AURRERA','WEC880413F88','AURRERA','102',12.03,1234567,'2003-11-05','2004-02-06','MENDEZ', 'ARANGO', 'EMMANUEL','M. ÁVILA CAMACHO','PERIODISTA','647','647',11220,'MIGUEL HIDALGO','D.F','RAMIRO GARCIA GUZMAN','5514111012','RAMIRO@GMAIL.COM','MARTHA LARA VEGA','5521224033','MARTHA@GMAIL.COM','MARCELA','5528312400','MARCE@HOTMAIL.COM','{"referenciantes":[{ "idReferenciante":0, "nombreReferenciante": "FERNANDO RAMIREZ VEGA" }]}','PRUEBA DE OBJETO SOCIAL','1212ASAS','2015-03-16');
INSERT INTO "RAZON_SOCIAL"("ID_RAZON_SOCIAL", "ID_GRUPO", "NOMBRE_RAZON_SOCIAL", "RFC", "NOMBRE_CORTO_RAZON_S", "COD_CLIENTE", "COMISION", "ACT_CONSTITUTIVA", "FECHA_ACT_CONSTITUTIVA", "FECHA_INICIO_OPERACION", "PATERNO_REPRESENTANTE", 
            "MATERNO_REPRESENTANTE", "NOMBRES_REPRESENTANTE", "CALLE_FISCAL", "COLONIA_FISCAL", "NUM_EXTERIOR_FISCAL", "NUM_INTERIOR_FISCAL", "CP_FISCAL", "MUNICIPIO_FISCAL", "ESTADO_FISCAL", "CONTACTO1_NOMBRE", 
            "CONTACTO1_TELEFONO", "CONTACTO1_CORREO", "CONTACTO2_NOMBRE", "CONTACTO2_TELEFONO", "CONTACTO2_CORREO", "CONTACTO3_NOMBRE", "CONTACTO3_TELEFONO", "CONTACTO3_CORREO", "REFERENCIANTES", "OBJETO_SOCIAL", 
            "REGISTRO_PUBLICO_PROPIEDAD", "FECHA_REGISTRO_PUBLICO_PROPIEDAD")
VALUES (1004,1004,'PROYECTOS MAGAVI SA DE CV','MAGA898989HYU','MAGAVI NOMNA','102',12.03,1234567,'2003-11-05','2004-02-06','MENDOZA', 'LIRA', 'RICARDO','M. ÁVILA CAMACHO','PERIODISTA','647','647',11220,'MIGUEL HIDALGO','D.F','RAMIRO GARCIA GUZMAN','5514111012','RAMIRO@GMAIL.COM','MARTHA LARA VEGA','5521224033','MARTHA@GMAIL.COM','MARCELA','5528312400','MARCE@HOTMAIL.COM','{"referenciantes":[{ "idReferenciante":0, "nombreReferenciante": "FERNANDO RAMIREZ VEGA" }]}','PRUEBA DE OBJETO SOCIAL','1212ASAS','2015-03-16');
INSERT INTO "RAZON_SOCIAL"("ID_RAZON_SOCIAL", "ID_GRUPO", "NOMBRE_RAZON_SOCIAL", "RFC", "NOMBRE_CORTO_RAZON_S", "COD_CLIENTE", "COMISION", "ACT_CONSTITUTIVA", "FECHA_ACT_CONSTITUTIVA", "FECHA_INICIO_OPERACION", "PATERNO_REPRESENTANTE", 
            "MATERNO_REPRESENTANTE", "NOMBRES_REPRESENTANTE", "CALLE_FISCAL", "COLONIA_FISCAL", "NUM_EXTERIOR_FISCAL", "NUM_INTERIOR_FISCAL", "CP_FISCAL", "MUNICIPIO_FISCAL", "ESTADO_FISCAL", "CONTACTO1_NOMBRE", 
            "CONTACTO1_TELEFONO", "CONTACTO1_CORREO", "CONTACTO2_NOMBRE", "CONTACTO2_TELEFONO", "CONTACTO2_CORREO", "CONTACTO3_NOMBRE", "CONTACTO3_TELEFONO", "CONTACTO3_CORREO", "REFERENCIANTES", "OBJETO_SOCIAL", 
            "REGISTRO_PUBLICO_PROPIEDAD", "FECHA_REGISTRO_PUBLICO_PROPIEDAD")
VALUES (1005,1005,'VISION-IT SOLUCIONES, S. DE R.L. DE C.V.','VSO1003012I0','Vision It Proy','102',12.03,1234567,'2003-11-05','2004-02-06','RAMOS', 'FLORES', 'ALFREDO','M. ÁVILA CAMACHO','PERIODISTA','647','647',11220,'MIGUEL HIDALGO','D.F','RAMIRO GARCIA GUZMAN','5514111012','RAMIRO@GMAIL.COM','MARTHA LARA VEGA','5521224033','MARTHA@GMAIL.COM','MARCELA','5528312400','MARCE@HOTMAIL.COM','{"referenciantes":[{ "idReferenciante":0, "nombreReferenciante": "FERNANDO RAMIREZ VEGA" }]}','PRUEBA DE OBJETO SOCIAL','1212ASAS','2015-03-16');

